# Object Export From Tinkercad Server 2015

mtllib obj.mtl

o obj_0
v -68 		26.6557 		45.8052
v -68 		27.9607 		45.8912
v -68 		29.2657 		45.8052
v 3 		20.2907 		37.3452
v -68 		35.9547 		38.4192
v 3 		20.2227 		36.2542
v -68 		35.6187 		39.4552
v 3 		17.9607 		35.8912
v 3 		18.0467 		34.5862
v 3 		18.3017 		33.3032
v 3 		18.7217 		32.0642
v 3 		19.3007 		30.8912
v 3 		20.0267 		29.8032
v 3 		27.9607 		25.8912
v -68 		35.0317 		42.9622
v 3 		18.0467 		37.1962
v 3 		26.6557 		25.9772
v -68 		35.8947 		41.9792
v 3 		25.3727 		26.2322
v 3 		24.1337 		26.6522
v -68 		36.6207 		40.8912
v 3 		22.9607 		27.2312
v -68 		37.1997 		39.7182
v 3 		21.8727 		27.9572
v -68 		37.6197 		38.4792
v 3 		20.8897 		28.8202
v -68 		35.1557 		40.4362
v -68 		34.5737 		41.3462
v -68 		33.8837 		42.1682
v 3 		24.2237 		29.0092
v -68 		33.0967 		42.8902
v 3 		25.1627 		28.5252
v -68 		32.2267 		43.4982
v 3 		26.1537 		28.1742
v -68 		31.2877 		43.9822
v 3 		27.1807 		27.9602
v -68 		30.2967 		44.3342
v 3 		28.2247 		27.8892
v -68 		29.2697 		44.5472
v -68 		34.0487 		43.8252
v -68 		37.8747 		37.1962
v -68 		37.9607 		35.8912
v -68 		37.8747 		34.5862
v -68 		37.6197 		33.3032
v -68 		37.1997 		32.0642
v -68 		36.6207 		30.8912
v -68 		35.8947 		29.8032
v -68 		33.0967 		29.6172
v -68 		33.8837 		30.3392
v -68 		34.5737 		31.1612
v -68 		35.1557 		32.0712
v -68 		35.6187 		33.0522
v -68 		35.9547 		34.0882
v -68 		36.1587 		35.1622
v -68 		36.2277 		36.2542
v -68 		36.1587 		37.3452
v -68 		35.0317 		28.8202
v -68 		34.0487 		27.9572
v -68 		32.9607 		27.2312
v -68 		31.7877 		26.6522
v -68 		30.5487 		26.2322
v -68 		29.2657 		25.9772
v -68 		29.2697 		27.9602
v -68 		30.2967 		28.1742
v -68 		31.2877 		28.5252
v -68 		32.2267 		29.0092
v -68 		18.3017 		38.4792
v -68 		18.7217 		39.7182
v -68 		19.3007 		40.8912
v -68 		20.0267 		41.9792
v -68 		20.8897 		42.9622
v -68 		21.8727 		43.8252
v -68 		22.9607 		44.5512
v -68 		32.9607 		44.5512
v -68 		24.1337 		45.1302
v -68 		30.5487 		45.5502
v -68 		31.7877 		45.1302
v -68 		25.3727 		45.5502
v -68 		28.2247 		44.6192
v -68 		27.1807 		44.5472
v -68 		26.1537 		44.3342
v -68 		25.1627 		43.9822
v -68 		24.2237 		43.4982
v -68 		23.3537 		42.8902
v -68 		22.5667 		42.1682
v -68 		21.8767 		41.3462
v -68 		21.2947 		40.4362
v -68 		20.8317 		39.4552
v -68 		20.4957 		38.4192
v -68 		18.0467 		37.1962
v -68 		17.9607 		35.8912
v -68 		20.0267 		29.8032
v -68 		19.3007 		30.8912
v -68 		18.7217 		32.0642
v -68 		18.3017 		33.3032
v -68 		18.0467 		34.5862
v -68 		20.2227 		36.2542
v -68 		20.2907 		35.1622
v -68 		20.4957 		34.0882
v -68 		20.8317 		33.0522
v -68 		21.2947 		32.0712
v -68 		21.8767 		31.1612
v -68 		22.5667 		30.3392
v -68 		23.3537 		29.6172
v -68 		20.2907 		37.3452
v -68 		27.9607 		25.8912
v -68 		26.6557 		25.9772
v -68 		25.3727 		26.2322
v -68 		24.1337 		26.6522
v -68 		22.9607 		27.2312
v -68 		21.8727 		27.9572
v -68 		20.8897 		28.8202
v -68 		24.2237 		29.0092
v -68 		25.1627 		28.5252
v -68 		26.1537 		28.1742
v -68 		27.1807 		27.9602
v -68 		28.2247 		27.8892
v 3 		26.6557 		45.8052
v 3 		27.9607 		45.8912
v 3 		29.2657 		45.8052
v 3 		35.9547 		38.4192
v 3 		35.6187 		39.4552
v 3 		35.1557 		40.4362
v 3 		34.5737 		41.3462
v 3 		33.8837 		42.1682
v 3 		33.0967 		42.8902
v 3 		32.2267 		43.4982
v 3 		31.2877 		43.9822
v 3 		35.8947 		41.9792
v 3 		30.2967 		44.3342
v 3 		35.0317 		42.9622
v 3 		29.2697 		44.5472
v 3 		34.0487 		43.8252
v 3 		32.9607 		44.5512
v 3 		31.7877 		45.1302
v 3 		30.5487 		45.5502
v 3 		37.6197 		38.4792
v 3 		37.1997 		39.7182
v 3 		36.6207 		40.8912
v 3 		33.0967 		29.6172
v 3 		33.8837 		30.3392
v 3 		34.5737 		31.1612
v 3 		35.1557 		32.0712
v 3 		35.6187 		33.0522
v 3 		35.9547 		34.0882
v 3 		36.1587 		35.1622
v 3 		36.2277 		36.2542
v 3 		35.8947 		29.8032
v 3 		36.1587 		37.3452
v 3 		36.6207 		30.8912
v 3 		37.1997 		32.0642
v 3 		37.6197 		33.3032
v 3 		37.8747 		34.5862
v 3 		37.9607 		35.8912
v 3 		37.8747 		37.1962
v 3 		29.2697 		27.9602
v 3 		30.2967 		28.1742
v 3 		31.2877 		28.5252
v 3 		32.2267 		29.0092
v 3 		34.0487 		27.9572
v 3 		35.0317 		28.8202
v 3 		29.2657 		25.9772
v 3 		30.5487 		26.2322
v 3 		31.7877 		26.6522
v 3 		32.9607 		27.2312
v 3 		28.2247 		44.6192
v 3 		27.1807 		44.5472
v 3 		26.1537 		44.3342
v 3 		25.1627 		43.9822
v 3 		24.2237 		43.4982
v 3 		23.3537 		42.8902
v 3 		22.5667 		42.1682
v 3 		21.8767 		41.3462
v 3 		21.2947 		40.4362
v 3 		20.8317 		39.4552
v 3 		22.9607 		44.5512
v 3 		20.4957 		38.4192
v 3 		21.8727 		43.8252
v 3 		20.8897 		42.9622
v 3 		25.3727 		45.5502
v 3 		24.1337 		45.1302
v 3 		20.0267 		41.9792
v 3 		19.3007 		40.8912
v 3 		18.7217 		39.7182
v 3 		18.3017 		38.4792
v 3 		20.2907 		35.1622
v 3 		20.4957 		34.0882
v 3 		20.8317 		33.0522
v 3 		21.2947 		32.0712
v 3 		21.8767 		31.1612
v 3 		22.5667 		30.3392
v 3 		23.3537 		29.6172
# 192 vertices

g group_0_40919

usemtl color_40919
s 0

f 12 	189 	11
f 11 	188 	10
f 9 	10 	187
f 13 	190 	12
f 187 	186 	9
f 8 	9 	186
f 4 	16 	6
f 7 	23 	5
f 29 	15 	28
f 33 	74 	31
f 31 	40 	29
f 35 	77 	33
f 18 	28 	15
f 76 	77 	37
f 15 	29 	40
f 39 	76 	37
f 3 	76 	39
f 40 	31 	74
f 35 	37 	77
f 74 	33 	77
f 160 	58 	57
f 44 	152 	45
f 5 	25 	56
f 41 	56 	25
f 27 	21 	7
f 28 	18 	27
f 18 	21 	27
f 23 	7 	21
f 25 	5 	23
f 151 	150 	45
f 58 	160 	59
f 60 	163 	61
f 49 	57 	48
f 163 	62 	61
f 51 	46 	50
f 57 	47 	161
f 52 	45 	51
f 50 	47 	49
f 43 	44 	53
f 42 	43 	54
f 57 	49 	47
f 55 	42 	54
f 46 	51 	45
f 44 	45 	52
f 52 	53 	44
f 47 	50 	46
f 53 	54 	43
f 56 	41 	55
f 42 	55 	41
f 51 	143 	144
f 64 	61 	63
f 64 	65 	60
f 54 	146 	147
f 65 	66 	59
f 58 	59 	66
f 66 	48 	58
f 58 	48 	57
f 60 	61 	64
f 59 	60 	65
f 62 	63 	61
f 121 	5 	149
f 39 	79 	3
f 75 	78 	82
f 85 	72 	84
f 86 	71 	85
f 87 	70 	86
f 84 	73 	83
f 88 	69 	87
f 67 	68 	89
f 73 	84 	72
f 71 	86 	70
f 72 	85 	71
f 161 	160 	57
f 1 	2 	80
f 81 	1 	80
f 73 	75 	83
f 82 	83 	75
f 81 	82 	78
f 78 	1 	81
f 79 	80 	2
f 3 	79 	2
f 59 	160 	165
f 165 	164 	59
f 69 	88 	68
f 70 	87 	69
f 88 	89 	68
f 62 	162 	14
f 92 	93 	102
f 100 	95 	99
f 116 	36 	38
f 13 	26 	190
f 22 	20 	30
f 30 	192 	22
f 24 	22 	192
f 32 	30 	20
f 20 	19 	32
f 34 	32 	19
f 19 	17 	34
f 36 	34 	17
f 17 	14 	36
f 38 	36 	14
f 38 	14 	162
f 101 	102 	93
f 103 	112 	102
f 97 	98 	91
f 105 	97 	90
f 169 	83 	82
f 89 	105 	67
f 90 	67 	105
f 91 	90 	97
f 96 	91 	98
f 96 	98 	99
f 93 	94 	101
f 95 	100 	94
f 100 	101 	94
f 96 	99 	95
f 114 	109 	113
f 115 	108 	114
f 113 	110 	104
f 116 	107 	115
f 104 	111 	103
f 92 	102 	112
f 117 	106 	116
f 112 	103 	111
f 62 	117 	63
f 111 	104 	110
f 110 	113 	109
f 62 	106 	117
f 107 	116 	106
f 107 	108 	115
f 109 	114 	108
f 118 	167 	119
f 119 	166 	120
f 67 	90 	185
f 137 	155 	25
f 139 	129 	123
f 124 	123 	129
f 129 	131 	124
f 125 	124 	131
f 131 	133 	125
f 126 	125 	133
f 10 	95 	94
f 133 	134 	126
f 127 	126 	134
f 10 	9 	95
f 96 	95 	9
f 134 	135 	127
f 128 	127 	135
f 91 	96 	9
f 6 	98 	97
f 130 	128 	135
f 135 	136 	130
f 132 	130 	136
f 132 	136 	120
f 123 	122 	139
f 138 	139 	122
f 122 	121 	138
f 137 	138 	121
f 121 	149 	137
f 140 	161 	141
f 141 	148 	142
f 143 	142 	150
f 148 	150 	142
f 105 	4 	6
f 158 	65 	64
f 150 	151 	143
f 144 	143 	151
f 151 	152 	144
f 158 	66 	65
f 159 	140 	66
f 140 	48 	66
f 146 	145 	153
f 147 	155 	149
f 187 	99 	98
f 90 	16 	185
f 67 	185 	68
f 184 	68 	185
f 99 	187 	100
f 69 	68 	184
f 145 	144 	152
f 152 	153 	145
f 153 	154 	146
f 147 	146 	154
f 155 	147 	154
f 137 	149 	155
f 182 	70 	69
f 189 	101 	100
f 179 	71 	70
f 100 	188 	189
f 179 	70 	182
f 101 	189 	190
f 101 	190 	102
f 162 	163 	156
f 179 	72 	71
f 190 	103 	102
f 125 	29 	28
f 103 	191 	104
f 159 	165 	160
f 161 	140 	160
f 148 	141 	161
f 159 	160 	140
f 178 	72 	179
f 126 	31 	125
f 29 	125 	31
f 159 	158 	165
f 164 	165 	158
f 158 	157 	164
f 163 	164 	157
f 157 	156 	163
f 162 	156 	38
f 30 	113 	104
f 31 	126 	127
f 31 	127 	33
f 89 	177 	105
f 128 	35 	127
f 33 	127 	35
f 166 	119 	167
f 73 	72 	176
f 6 	97 	105
f 72 	178 	176
f 128 	37 	35
f 21 	18 	139
f 118 	180 	168
f 106 	62 	14
f 14 	17 	107
f 139 	138 	21
f 14 	107 	106
f 25 	23 	137
f 108 	107 	19
f 17 	19 	107
f 108 	19 	109
f 20 	109 	19
f 73 	176 	75
f 176 	178 	171
f 20 	22 	109
f 109 	22 	110
f 41 	25 	155
f 180 	78 	75
f 22 	24 	111
f 172 	171 	178
f 178 	179 	172
f 173 	172 	179
f 41 	155 	42
f 154 	42 	155
f 118 	1 	180
f 78 	180 	1
f 179 	182 	173
f 174 	173 	182
f 111 	110 	22
f 154 	43 	42
f 182 	183 	174
f 175 	174 	183
f 184 	185 	177
f 26 	112 	24
f 111 	24 	112
f 45 	150 	46
f 166 	80 	79
f 176 	170 	181
f 170 	169 	181
f 171 	170 	176
f 180 	181 	169
f 169 	168 	180
f 167 	118 	168
f 132 	120 	166
f 168 	81 	80
f 183 	184 	175
f 177 	175 	184
f 177 	185 	4
f 16 	4 	185
f 8 	6 	16
f 104 	192 	30
f 150 	47 	46
f 186 	6 	8
f 130 	37 	128
f 32 	114 	113
f 32 	113 	30
f 169 	82 	81
f 132 	39 	130
f 37 	130 	39
f 115 	32 	34
f 114 	32 	115
f 187 	10 	188
f 115 	34 	116
f 36 	116 	34
f 188 	11 	189
f 189 	12 	190
f 171 	84 	83
f 117 	116 	38
f 154 	153 	43
f 44 	43 	152
f 153 	152 	43
f 84 	171 	85
f 117 	38 	63
f 151 	45 	152
f 190 	26 	191
f 26 	24 	191
f 192 	191 	24
f 1 	118 	2
f 119 	2 	118
f 120 	3 	2
f 120 	2 	119
f 47 	150 	148
f 140 	141 	48
f 49 	48 	141
f 3 	120 	136
f 135 	77 	136
f 50 	49 	141
f 3 	136 	76
f 77 	76 	136
f 135 	134 	77
f 74 	77 	134
f 177 	89 	88
f 50 	141 	142
f 143 	50 	142
f 131 	15 	133
f 134 	133 	74
f 40 	74 	133
f 166 	79 	39
f 146 	54 	145
f 15 	40 	133
f 131 	18 	15
f 147 	149 	55
f 166 	167 	80
f 18 	131 	129
f 80 	167 	168
f 81 	168 	169
f 149 	5 	56
f 129 	139 	18
f 148 	161 	47
f 83 	170 	171
f 21 	138 	23
f 138 	137 	23
f 171 	172 	85
f 85 	172 	86
f 60 	59 	164
f 86 	174 	87
f 164 	163 	60
f 163 	162 	62
f 122 	7 	5
f 122 	5 	121
f 87 	174 	88
f 122 	123 	7
f 27 	7 	123
f 143 	51 	50
f 63 	38 	156
f 27 	123 	28
f 124 	28 	123
f 177 	4 	105
f 63 	156 	64
f 157 	64 	156
f 144 	52 	51
f 125 	28 	124
f 8 	16 	91
f 64 	157 	158
f 52 	144 	53
f 145 	53 	144
f 159 	66 	158
f 112 	26 	92
f 13 	92 	26
f 145 	54 	53
f 12 	93 	92
f 93 	12 	94
f 11 	94 	12
f 55 	54 	147
f 10 	94 	11
f 183 	69 	184
f 69 	183 	182
f 8 	91 	9
f 56 	55 	149
f 75 	176 	181
f 75 	181 	180
f 39 	132 	166
f 83 	169 	170
f 173 	86 	172
f 86 	173 	174
f 175 	88 	174
f 177 	88 	175
f 90 	91 	16
f 12 	92 	13
f 98 	6 	186
f 98 	186 	187
f 100 	187 	188
f 191 	103 	190
f 192 	104 	191
# 384 faces

 #end of obj_0

o obj_1
v -22 		35.5927 		28.6429
v -22 		36.5847 		27.7079
v -22 		37.4197 		26.6749
v -22 		28.9617 		31.3439
v -2 		31.8617 		30.7019
v -22 		30.4367 		31.1009
v -2 		33.2107 		30.1519
v -22 		31.8617 		30.7019
v -22 		33.2107 		30.1519
v -22 		34.4617 		29.4619
v -13.997 		38.9214 		21.4279
v -22 		38.9607 		21.9249
v -22 		38.9214 		21.4279
v -2 		38.9607 		21.9249
v -2 		38.8627 		20.6849
v -13.997 		38.8627 		20.6849
v -22 		38.0857 		25.5599
v -22 		38.5687 		24.3839
v -2 		30.4367 		12.7489
v -22 		38.8627 		23.1649
v -2 		38.5687 		19.4659
v -13.997 		38.5687 		19.4659
v -2 		34.4617 		29.4619
v -2 		28.9617 		12.5059
v -13.997 		28.9617 		12.5059
v -13.997 		30.4367 		12.7489
v -2 		38.0857 		18.2899
v -13.997 		38.0857 		18.2899
v -2 		35.5927 		28.6429
v -2 		36.5847 		27.7079
v -22 		17.5017 		26.6749
v -22 		18.3367 		27.7079
v -22 		19.3287 		28.6429
v -22 		20.4597 		29.4619
v -22 		21.7107 		30.1519
v -22 		23.0597 		30.7019
v -22 		24.4847 		31.1009
v -22 		25.9597 		31.3439
v -2 		37.4197 		26.6749
v -22 		27.4607 		31.4249
v -13.997 		37.4197 		17.1749
v -13.997 		36.5847 		16.1419
v -22 		15.9607 		21.9249
v -13.997 		35.5927 		15.2069
v -2 		16.8357 		18.2899
v -13.997 		16.8357 		18.2899
v -2 		17.5017 		26.6749
v -22 		16.0587 		23.1649
v -22 		16.3527 		24.3839
v -13.997 		34.4617 		14.3879
v -22 		16.8357 		25.5599
v -13.997 		33.2107 		13.6979
v -13.997 		31.8617 		13.1479
v -22 		16 		21.4279
v -2 		18.3367 		27.7079
v -2 		38.0857 		25.5599
v -2 		37.4197 		17.1749
v -2 		19.3287 		28.6429
v -2 		36.5847 		16.1419
v -2 		30.4367 		31.1009
v -2 		28.9617 		31.3439
v -2 		20.4597 		29.4619
v -2 		38.5687 		24.3839
v -2 		35.5927 		15.2069
v -2 		21.7107 		30.1519
v -2 		34.4617 		14.3879
v -2 		23.0597 		30.7019
v -2 		38.8627 		23.1649
v -13.997 		16 		21.4279
v -2 		33.2107 		13.6979
v -13.997 		16.3527 		19.4659
v -13.997 		16.0587 		20.6849
v -2 		24.4847 		31.1009
v -2 		31.8617 		13.1479
v -13.997 		25.9597 		12.5059
v -13.997 		27.4607 		12.4249
v -2 		27.4607 		12.4249
v -2 		25.9597 		12.5059
v -2 		25.9597 		31.3439
v -2 		16.3527 		19.4659
v -2 		24.4847 		12.7489
v -13.997 		24.4847 		12.7489
v -2 		27.4607 		31.4249
v -2 		16.0587 		20.6849
v -2 		23.0597 		13.1479
v -13.997 		23.0597 		13.1479
v -2 		21.7107 		13.6979
v -13.997 		21.7107 		13.6979
v -2 		15.9607 		21.9249
v -2 		20.4597 		14.3879
v -13.997 		20.4597 		14.3879
v -2 		19.3287 		15.2069
v -13.997 		19.3287 		15.2069
v -2 		18.3367 		16.1419
v -13.997 		18.3367 		16.1419
v -2 		16.0587 		23.1649
v -2 		16.8357 		25.5599
v -2 		16.3527 		24.3839
v -2 		17.5017 		17.1749
v -13.997 		17.5017 		17.1749
# 100 vertices

g group_1_40919

usemtl color_40919
s 0

f 198 	200 	195
f 196 	198 	195
f 200 	201 	195
f 201 	202 	195
f 202 	193 	195
f 194 	195 	193
f 208 	203 	207
f 206 	207 	203
f 210 	246 	209
f 210 	212 	246
f 205 	246 	204
f 204 	246 	212
f 207 	213 	214
f 207 	214 	208
f 199 	215 	202
f 211 	216 	217
f 211 	217 	218
f 213 	219 	220
f 213 	220 	214
f 215 	221 	202
f 206 	203 	204
f 205 	204 	203
f 225 	195 	224
f 226 	195 	225
f 227 	195 	226
f 228 	195 	227
f 229 	195 	228
f 230 	195 	229
f 232 	195 	230
f 196 	195 	232
f 223 	224 	195
f 254 	226 	225
f 227 	226 	254
f 234 	292 	233
f 236 	292 	234
f 203 	208 	292
f 236 	242 	292
f 242 	244 	292
f 245 	292 	244
f 218 	292 	245
f 217 	292 	218
f 241 	195 	240
f 243 	195 	241
f 223 	195 	243
f 235 	240 	195
f 209 	246 	195
f 235 	195 	246
f 233 	292 	220
f 214 	292 	208
f 220 	292 	214
f 224 	239 	247
f 233 	220 	249
f 219 	249 	220
f 252 	198 	196
f 225 	224 	250
f 247 	250 	224
f 209 	255 	210
f 249 	251 	234
f 249 	234 	233
f 271 	230 	229
f 197 	200 	198
f 197 	198 	252
f 222 	251 	231
f 221 	251 	222
f 215 	258 	221
f 199 	258 	215
f 197 	266 	199
f 239 	289 	237
f 252 	211 	197
f 250 	254 	225
f 200 	197 	201
f 199 	201 	197
f 232 	230 	271
f 251 	256 	236
f 251 	236 	234
f 227 	254 	257
f 202 	201 	199
f 256 	258 	242
f 256 	242 	236
f 221 	193 	202
f 257 	259 	228
f 257 	228 	227
f 258 	262 	244
f 258 	244 	242
f 292 	238 	203
f 238 	263 	203
f 263 	264 	203
f 261 	203 	264
f 222 	194 	193
f 222 	193 	221
f 206 	255 	207
f 260 	255 	206
f 207 	255 	213
f 248 	213 	255
f 231 	219 	248
f 213 	248 	219
f 277 	273 	259
f 229 	228 	265
f 259 	265 	228
f 262 	266 	245
f 262 	245 	244
f 267 	268 	269
f 267 	269 	270
f 292 	291 	238
f 237 	238 	291
f 195 	194 	231
f 222 	231 	194
f 265 	271 	229
f 266 	211 	218
f 266 	218 	245
f 272 	263 	238
f 272 	238 	237
f 270 	273 	274
f 270 	274 	267
f 256 	221 	258
f 258 	199 	262
f 262 	199 	266
f 266 	197 	211
f 251 	221 	256
f 249 	231 	251
f 219 	231 	249
f 216 	211 	252
f 276 	264 	263
f 276 	263 	272
f 231 	248 	195
f 273 	277 	278
f 273 	278 	274
f 271 	275 	232
f 281 	235 	261
f 246 	261 	235
f 277 	279 	280
f 277 	280 	278
f 248 	209 	195
f 279 	282 	283
f 279 	283 	280
f 264 	276 	261
f 281 	261 	276
f 282 	284 	285
f 282 	285 	283
f 288 	281 	290
f 281 	276 	290
f 276 	272 	290
f 289 	290 	272
f 272 	237 	289
f 291 	286 	239
f 247 	239 	286
f 237 	291 	239
f 235 	281 	240
f 288 	240 	281
f 284 	286 	287
f 284 	287 	285
f 291 	292 	287
f 291 	287 	286
f 254 	250 	282
f 257 	254 	282
f 282 	279 	257
f 284 	282 	250
f 286 	284 	250
f 279 	277 	257
f 259 	257 	277
f 250 	247 	286
f 241 	240 	290
f 288 	290 	240
f 248 	255 	209
f 255 	212 	210
f 243 	241 	289
f 290 	289 	241
f 252 	253 	216
f 265 	259 	273
f 271 	265 	273
f 273 	270 	271
f 275 	271 	270
f 270 	269 	275
f 269 	216 	275
f 253 	275 	216
f 255 	260 	212
f 268 	217 	269
f 216 	269 	217
f 206 	204 	212
f 260 	206 	212
f 196 	232 	253
f 275 	253 	232
f 243 	289 	239
f 253 	252 	196
f 246 	205 	261
f 203 	261 	205
f 287 	292 	285
f 283 	285 	292
f 280 	283 	292
f 278 	280 	292
f 274 	278 	292
f 267 	274 	292
f 268 	267 	292
f 268 	292 	217
f 239 	223 	243
f 224 	223 	239
# 196 faces

 #end of obj_1

o obj_2
v -4.6494 		30.2306 		26.6554
v -4.6494 		30.8224 		25.9133
v 3.9969 		35.6578 		32.0827
v 3.9969 		37.3212 		29.9968
v 4.8247 		35.7227 		32.1476
v 4.8247 		37.399 		30.0457
v 4.7596 		36.1365 		32.5614
v 4.7596 		37.8945 		30.357
v 5.7002 		36.727 		33.1518
v 5.7002 		38.6015 		30.8012
v 8.2024 		37.3896 		33.8145
v 8.2024 		39.395 		31.2998
v 20 		37.945 		34.3698
v 20 		40.06 		31.7177
v 12.7653 		43.0538 		39.4787
v 12.7653 		46.1776 		35.5616
v 8.0725 		40.1082 		36.5331
v 8.0725 		42.6504 		33.3453
v 1.4162 		43.0459 		39.4708
v 1.4162 		46.1681 		35.5557
v -6.3232 		34.8481 		31.2729
v -6.3232 		36.3516 		29.3875
v -0.1854 		35.3296 		31.7545
v -0.1854 		36.9283 		29.7499
v -0.326 		35.1312 		31.5561
v -0.326 		36.6906 		29.6006
v 0.4859 		35.3462 		31.7711
v 0.4859 		36.9481 		29.7623
v -5.9499 		31.3064 		27.7313
v -5.9499 		32.1107 		26.7228
v -13 		27.2331 		23.658
v -9.8374 		27.2331 		23.658
v -4.6494 		31.2343 		25.0581
v 3.9969 		38.4788 		27.593
v 4.8247 		38.5655 		27.6234
v 4.7596 		39.1179 		27.8167
v 5.7002 		39.906 		28.0924
v 8.2024 		40.7905 		28.4019
v 20 		41.5318 		28.6614
v 12.7653 		48.3514 		31.0476
v 8.0725 		44.4195 		29.6718
v 1.4162 		48.3409 		31.0439
v -6.3232 		37.3979 		27.2148
v -0.1854 		38.0408 		27.4398
v -0.326 		37.7759 		27.3471
v 0.4859 		38.0629 		27.4475
v -5.9499 		32.6704 		25.5606
v -4.6494 		31.4455 		24.1326
v 3.9969 		39.0725 		24.992
v 4.8247 		39.1638 		25.0023
v 4.7596 		39.7453 		25.0678
v 5.7002 		40.575 		25.1613
v 8.2024 		41.5062 		25.2662
v 20 		42.2867 		25.3541
v 12.7653 		49.4663 		26.1631
v 8.0725 		45.3268 		25.6967
v 1.4162 		49.4552 		26.1618
v -6.3232 		37.9346 		24.8638
v -0.1854 		38.6113 		24.94
v -0.326 		38.3324 		24.9086
v 0.4859 		38.6346 		24.9427
v -5.9499 		32.9574 		24.303
v -4.6494 		31.4455 		23.1834
v 3.9969 		39.0725 		22.324
v 4.8247 		39.1638 		22.3138
v 4.7596 		39.7453 		22.2482
v 5.7002 		40.575 		22.1548
v 8.2024 		41.5062 		22.0498
v 20 		42.2867 		21.9619
v 12.7653 		49.4663 		21.1529
v 8.0725 		45.3268 		21.6194
v 1.4162 		49.4552 		21.1542
v -6.3232 		37.9346 		22.4523
v -0.1854 		38.6113 		22.376
v -0.326 		38.3324 		22.4074
v 0.4859 		38.6346 		22.3734
v -5.9499 		32.9574 		23.013
v -4.6494 		31.2343 		22.258
v 3.9969 		38.4788 		19.723
v 4.8247 		38.5655 		19.6927
v 4.7596 		39.1179 		19.4994
v 5.7002 		39.906 		19.2236
v 8.2024 		40.7905 		18.9141
v 20 		41.5318 		18.6547
v 12.7653 		48.3514 		16.2684
v 8.0725 		44.4195 		17.6443
v 1.4162 		48.3409 		16.2721
v -6.3232 		37.3979 		20.1012
v -0.1854 		38.0408 		19.8763
v -0.326 		37.7759 		19.969
v 0.4859 		38.0629 		19.8685
v -5.9499 		32.6704 		21.7555
v -4.6494 		30.8224 		21.4027
v 3.9969 		37.3212 		17.3193
v 4.8247 		37.399 		17.2704
v 4.7596 		37.8945 		16.959
v 5.7002 		38.6015 		16.5148
v 8.2024 		39.395 		16.0162
v 20 		40.06 		15.5984
v 12.7653 		46.1776 		11.7544
v 8.0725 		42.6504 		13.9707
v 1.4162 		46.1681 		11.7604
v -6.3232 		36.3516 		17.9285
v -0.1854 		36.9283 		17.5662
v -0.326 		36.6906 		17.7155
v 0.4859 		36.9481 		17.5537
v -5.9499 		32.1107 		20.5933
v -4.6494 		30.2306 		20.6606
v 3.9969 		35.6578 		15.2334
v 4.8247 		35.7227 		15.1684
v 4.7596 		36.1365 		14.7546
v 5.7002 		36.727 		14.1642
v 8.2024 		37.3896 		13.5016
v 20 		37.945 		12.9462
v 12.7653 		43.0538 		7.8373
v 8.0725 		40.1082 		10.783
v 1.4162 		43.0459 		7.8452
v -6.3232 		34.8481 		16.0431
v -0.1854 		35.3296 		15.5615
v -0.326 		35.1312 		15.76
v 0.4859 		35.3462 		15.545
v -5.9499 		31.3064 		19.5847
v -4.6494 		29.4884 		20.0688
v 3.9969 		33.5719 		13.5699
v 4.8247 		33.6208 		13.4922
v 4.7596 		33.9321 		12.9967
v 5.7002 		34.3764 		12.2897
v 8.2024 		34.8749 		11.4962
v 20 		35.2928 		10.8312
v 12.7653 		39.1367 		4.7136
v 8.0725 		36.9204 		8.2408
v 1.4162 		39.1308 		4.723
v -6.3232 		32.9627 		14.5395
v -0.1854 		33.325 		13.9629
v -0.326 		33.1757 		14.2005
v 0.4859 		33.3375 		13.9431
v -5.9499 		30.2979 		18.7805
v -4.6494 		28.6332 		19.6569
v 3.9969 		31.1682 		12.4124
v 4.8247 		31.1985 		12.3257
v 4.7596 		31.3918 		11.7733
v 5.7002 		31.6676 		10.9852
v 8.2024 		31.9771 		10.1007
v 20 		32.2365 		9.3593
v 12.7653 		34.6228 		2.5397
v 8.0725 		33.2469 		6.4717
v 1.4162 		34.6191 		2.5503
v -6.3232 		30.79 		13.4932
v -0.1854 		31.0149 		12.8504
v -0.326 		30.9222 		13.1153
v 0.4859 		31.0226 		12.8283
v -5.9499 		29.1357 		18.2208
v -4.6494 		27.7078 		19.4457
v 3.9969 		28.5671 		11.8187
v 4.8247 		28.5774 		11.7274
v 4.7596 		28.6429 		11.1459
v 5.7002 		28.7364 		10.3162
v 8.2024 		28.8413 		9.385
v 20 		28.9293 		8.6045
v 12.7653 		29.7382 		1.4249
v 8.0725 		29.2718 		5.5644
v 1.4162 		29.737 		1.436
v -6.3232 		28.4389 		12.9566
v -0.1854 		28.5152 		12.2798
v -0.326 		28.4837 		12.5587
v 0.4859 		28.5178 		12.2566
v -5.9499 		27.8781 		17.9338
v -4.6494 		26.7585 		19.4457
v 3.9969 		25.8992 		11.8187
v 4.8247 		25.8889 		11.7274
v 4.7596 		25.8234 		11.1459
v 5.7002 		25.7299 		10.3162
v 8.2024 		25.625 		9.385
v 20 		25.537 		8.6045
v 12.7653 		24.7281 		1.4249
v 8.0725 		25.1945 		5.5644
v 1.4162 		24.7293 		1.436
v -6.3232 		26.0274 		12.9566
v -0.1854 		25.9511 		12.2798
v -0.326 		25.9826 		12.5587
v 0.4859 		25.9485 		12.2566
v -5.9499 		26.5882 		17.9338
v -4.6494 		25.8331 		19.6569
v 3.9969 		23.2981 		12.4124
v 4.8247 		23.2678 		12.3257
v 4.7596 		23.0745 		11.7733
v 5.7002 		22.7987 		10.9852
v 8.2024 		22.4892 		10.1007
v 20 		22.2298 		9.3593
v 12.7653 		19.8435 		2.5397
v 8.0725 		21.2194 		6.4717
v 1.4162 		19.8472 		2.5503
v -6.3232 		23.6763 		13.4932
v -0.1854 		23.4514 		12.8504
v -0.326 		23.5441 		13.1153
v 0.4859 		23.4437 		12.8283
v -5.9499 		25.3306 		18.2208
v -4.6494 		24.9779 		20.0688
v 3.9969 		20.8944 		13.5699
v 4.8247 		20.8455 		13.4922
v 4.7596 		20.5342 		12.9967
v 5.7002 		20.0899 		12.2897
v 8.2024 		19.5914 		11.4962
v 20 		19.1735 		10.8312
v 12.7653 		15.3296 		4.7136
v 8.0725 		17.5459 		8.2408
v 1.4162 		15.3355 		4.723
v -6.3232 		21.5036 		14.5395
v -0.1854 		21.1413 		13.9629
v -0.326 		21.2906 		14.2005
v 0.4859 		21.1288 		13.9431
v -5.9499 		24.1684 		18.7805
v -4.6494 		24.2357 		20.6606
v 3.9969 		18.8085 		15.2334
v 4.8247 		18.7435 		15.1684
v 4.7596 		18.3298 		14.7546
v 5.7002 		17.7393 		14.1642
v 8.2024 		17.0767 		13.5016
v 20 		16.5213 		12.9462
v 12.7653 		11.4125 		7.8373
v 8.0725 		14.3581 		10.783
v 1.4162 		11.4204 		7.8452
v -6.3232 		19.6182 		16.0431
v -0.1854 		19.1366 		15.5615
v -0.326 		19.3351 		15.76
v 0.4859 		19.1201 		15.545
v -5.9499 		23.1599 		19.5847
v -4.6494 		23.6439 		21.4027
v 3.9969 		17.1451 		17.3193
v 4.8247 		17.0673 		17.2704
v 4.7596 		16.5718 		16.959
v 5.7002 		15.8648 		16.5148
v 8.2024 		15.0713 		16.0162
v 20 		14.4063 		15.5984
v 12.7653 		8.2887 		11.7544
v 8.0725 		11.8159 		13.9707
v 1.4162 		8.2982 		11.7604
v -6.3232 		18.1147 		17.9285
v -0.1854 		17.538 		17.5662
v -0.326 		17.7757 		17.7155
v 0.4859 		17.5182 		17.5537
v -5.9499 		22.3556 		20.5933
v -4.6494 		23.232 		22.258
v 3.9969 		15.9875 		19.723
v 4.8247 		15.9008 		19.6927
v 4.7596 		15.3484 		19.4994
v 5.7002 		14.5603 		19.2236
v 8.2024 		13.6758 		18.9141
v 20 		12.9344 		18.6547
v 12.7653 		6.1149 		16.2684
v 8.0725 		10.0468 		17.6443
v 1.4162 		6.1254 		16.2721
v -6.3232 		17.0684 		20.1012
v -0.1854 		16.4255 		19.8763
v -0.326 		16.6904 		19.969
v 0.4859 		16.4034 		19.8685
v -5.9499 		21.7959 		21.7555
v -4.6494 		23.0208 		23.1834
v 3.9969 		15.3938 		22.324
v 4.8247 		15.3025 		22.3138
v 4.7596 		14.721 		22.2482
v 5.7002 		13.8913 		22.1548
v 8.2024 		12.9601 		22.0498
v 20 		12.1796 		21.9619
v 12.7653 		5 		21.1529
v 8.0725 		9.1395 		21.6194
v 1.4162 		5.0111 		21.1542
v -6.3232 		16.5317 		22.4523
v -0.1854 		15.855 		22.376
v -0.326 		16.1339 		22.4074
v 0.4859 		15.8317 		22.3734
v -5.9499 		21.5089 		23.013
v -4.6494 		23.0208 		24.1326
v 3.9969 		15.3938 		24.992
v 4.8247 		15.3025 		25.0023
v 4.7596 		14.721 		25.0678
v 5.7002 		13.8913 		25.1613
v 8.2024 		12.9601 		25.2662
v 20 		12.1796 		25.3541
v 12.7653 		5 		26.1631
v 8.0725 		9.1395 		25.6967
v 1.4162 		5.0111 		26.1618
v -6.3232 		16.5317 		24.8638
v -0.1854 		15.855 		24.94
v -0.326 		16.1339 		24.9086
v 0.4859 		15.8317 		24.9427
v -5.9499 		21.5089 		24.303
v -4.6494 		23.232 		25.0581
v 3.9969 		15.9875 		27.593
v 4.8247 		15.9008 		27.6234
v 4.7596 		15.3484 		27.8167
v 5.7002 		14.5603 		28.0924
v 8.2024 		13.6758 		28.4019
v 20 		12.9344 		28.6614
v 12.7653 		6.1149 		31.0476
v 8.0725 		10.0468 		29.6718
v 1.4162 		6.1254 		31.0439
v -6.3232 		17.0684 		27.2148
v -0.1854 		16.4255 		27.4398
v -0.326 		16.6904 		27.3471
v 0.4859 		16.4034 		27.4475
v -5.9499 		21.7959 		25.5606
v -4.6494 		23.6439 		25.9133
v 3.9969 		17.1451 		29.9968
v 4.8247 		17.0673 		30.0457
v 4.7596 		16.5718 		30.357
v 5.7002 		15.8648 		30.8012
v 8.2024 		15.0713 		31.2998
v 20 		14.4063 		31.7177
v 12.7653 		8.2887 		35.5616
v 8.0725 		11.8159 		33.3453
v 1.4162 		8.2982 		35.5557
v -6.3232 		18.1147 		29.3875
v -0.1854 		17.538 		29.7499
v -0.326 		17.7757 		29.6006
v 0.4859 		17.5182 		29.7623
v -5.9499 		22.3556 		26.7228
v -4.6494 		24.2357 		26.6554
v 3.9969 		18.8085 		32.0827
v 4.8247 		18.7435 		32.1476
v 4.7596 		18.3298 		32.5614
v 5.7002 		17.7393 		33.1518
v 8.2024 		17.0767 		33.8145
v 20 		16.5213 		34.3698
v 12.7653 		11.4125 		39.4787
v 8.0725 		14.3581 		36.5331
v 1.4162 		11.4204 		39.4708
v -6.3232 		19.6182 		31.2729
v -0.1854 		19.1366 		31.7545
v -0.326 		19.3351 		31.5561
v 0.4859 		19.1201 		31.7711
v -5.9499 		23.1599 		27.7313
v -4.6494 		24.9779 		27.2473
v 3.9969 		20.8944 		33.7461
v 4.8247 		20.8455 		33.8239
v 4.7596 		20.5342 		34.3194
v 5.7002 		20.0899 		35.0264
v 8.2024 		19.5914 		35.8198
v 20 		19.1735 		36.4849
v 12.7653 		15.3296 		42.6025
v 8.0725 		17.5459 		39.0752
v 1.4162 		15.3355 		42.593
v -6.3232 		21.5036 		32.7765
v -0.1854 		21.1413 		33.3532
v -0.326 		21.2906 		33.1155
v 0.4859 		21.1288 		33.373
v -5.9499 		24.1684 		28.5356
v -4.6494 		25.8331 		27.6591
v 3.9969 		23.2981 		34.9037
v 4.8247 		23.2678 		34.9904
v 4.7596 		23.0745 		35.5427
v 5.7002 		22.7987 		36.3309
v 8.2024 		22.4892 		37.2154
v 20 		22.2298 		37.9567
v 12.7653 		19.8435 		44.7763
v 8.0725 		21.2194 		40.8443
v 1.4162 		19.8472 		44.7658
v -6.3232 		23.6763 		33.8228
v -0.1854 		23.4514 		34.4657
v -0.326 		23.5441 		34.2007
v 0.4859 		23.4437 		34.4877
v -5.9499 		25.3306 		29.0952
v -4.6494 		26.7585 		27.8703
v 3.9969 		25.8992 		35.4973
v 4.8247 		25.8889 		35.5886
v 4.7596 		25.8234 		36.1701
v 5.7002 		25.7299 		36.9999
v 8.2024 		25.625 		37.9311
v 20 		25.537 		38.7116
v 12.7653 		24.7281 		45.8912
v 8.0725 		25.1945 		41.7516
v 1.4162 		24.7293 		45.8801
v -6.3232 		26.0274 		34.3594
v -0.1854 		25.9511 		35.0362
v -0.326 		25.9826 		34.7573
v 0.4859 		25.9485 		35.0594
v -5.9499 		26.5882 		29.3823
v -4.6494 		27.7078 		27.8703
v 3.9969 		28.5671 		35.4973
v 4.8247 		28.5774 		35.5886
v 4.7596 		28.6429 		36.1701
v 5.7002 		28.7364 		36.9999
v 8.2024 		28.8413 		37.9311
v 20 		28.9293 		38.7116
v 12.7653 		29.7382 		45.8912
v 8.0725 		29.2718 		41.7516
v 1.4162 		29.737 		45.8801
v -6.3232 		28.4389 		34.3594
v -0.1854 		28.5152 		35.0362
v -0.326 		28.4837 		34.7573
v 0.4859 		28.5178 		35.0594
v -5.9499 		27.8781 		29.3823
v -4.6494 		28.6332 		27.6591
v 3.9969 		31.1682 		34.9037
v 4.8247 		31.1985 		34.9904
v 4.7596 		31.3918 		35.5427
v 5.7002 		31.6676 		36.3309
v 8.2024 		31.9771 		37.2154
v 20 		32.2365 		37.9567
v 12.7653 		34.6228 		44.7763
v 8.0725 		33.2469 		40.8443
v 1.4162 		34.6191 		44.7658
v -6.3232 		30.79 		33.8228
v -0.1854 		31.0149 		34.4657
v -0.326 		30.9222 		34.2007
v 0.4859 		31.0226 		34.4877
v -5.9499 		29.1357 		29.0952
v -4.6494 		29.4884 		27.2473
v 3.9969 		33.5719 		33.7461
v 4.8247 		33.6208 		33.8239
v 4.7596 		33.9321 		34.3194
v 5.7002 		34.3764 		35.0264
v 8.2024 		34.8749 		35.8198
v 20 		35.2928 		36.4849
v 12.7653 		39.1367 		42.6025
v 8.0725 		36.9204 		39.0752
v 1.4162 		39.1308 		42.593
v -6.3232 		32.9627 		32.7765
v -0.1854 		33.325 		33.3532
v -0.326 		33.1757 		33.1155
v 0.4859 		33.3375 		33.373
v -5.9499 		30.2979 		28.5356
v 12.6844 		41.1109 		37.5358
v 12.6844 		43.8511 		34.0998
v 15.4631 		39.1487 		35.5736
v 15.4631 		41.5014 		32.6234
v 10.7492 		38.9268 		35.3517
v 10.7492 		41.2357 		32.4564
v 9.8424 		39.327 		35.7519
v 9.8424 		41.7149 		32.7575
v 12.6844 		45.758 		30.1401
v 15.4631 		43.1387 		29.2236
v 10.7492 		42.8425 		29.12
v 9.8424 		43.3767 		29.3069
v 12.6844 		46.7359 		25.8555
v 15.4631 		43.9784 		25.5448
v 10.7492 		43.6665 		25.5096
v 9.8424 		44.2289 		25.573
v 12.6844 		46.7359 		21.4606
v 15.4631 		43.9784 		21.7713
v 10.7492 		43.6665 		21.8064
v 9.8424 		44.2289 		21.7431
v 12.6844 		45.758 		17.1759
v 15.4631 		43.1387 		18.0924
v 10.7492 		42.8425 		18.1961
v 9.8424 		43.3767 		18.0092
v 12.6844 		43.8511 		13.2163
v 15.4631 		41.5014 		14.6927
v 10.7492 		41.2357 		14.8596
v 9.8424 		41.7149 		14.5585
v 12.6844 		41.1109 		9.7802
v 15.4631 		39.1487 		11.7424
v 10.7492 		38.9268 		11.9643
v 9.8424 		39.327 		11.5641
v 12.6844 		37.6749 		7.0401
v 15.4631 		36.1985 		9.3897
v 10.7492 		36.0316 		9.6554
v 9.8424 		36.3327 		9.1762
v 12.6844 		33.7153 		5.1332
v 15.4631 		32.7987 		7.7525
v 10.7492 		32.6951 		8.0487
v 9.8424 		32.882 		7.5145
v 12.6844 		29.4306 		4.1553
v 15.4631 		29.1199 		6.9128
v 10.7492 		29.0847 		7.2246
v 9.8424 		29.1481 		6.6622
v 12.6844 		25.0357 		4.1553
v 15.4631 		25.3464 		6.9128
v 10.7492 		25.3816 		7.2246
v 9.8424 		25.3182 		6.6622
v 12.6844 		20.751 		5.1332
v 15.4631 		21.6676 		7.7525
v 10.7492 		21.7712 		8.0487
v 9.8424 		21.5843 		7.5145
v 12.6844 		16.7914 		7.0401
v 15.4631 		18.2678 		9.3897
v 10.7492 		18.4347 		9.6554
v 9.8424 		18.1336 		9.1762
v 12.6844 		13.3554 		9.7802
v 15.4631 		15.3176 		11.7424
v 10.7492 		15.5395 		11.9643
v 9.8424 		15.1393 		11.5641
v 12.6844 		10.6152 		13.2163
v 15.4631 		12.9648 		14.6927
v 10.7492 		13.2306 		14.8596
v 9.8424 		12.7514 		14.5585
v 12.6844 		8.7083 		17.1759
v 15.4631 		11.3276 		18.0924
v 10.7492 		11.6238 		18.1961
v 9.8424 		11.0896 		18.0092
v 12.6844 		7.7304 		21.4606
v 15.4631 		10.4879 		21.7713
v 10.7492 		10.7998 		21.8064
v 9.8424 		10.2374 		21.7431
v 12.6844 		7.7304 		25.8555
v 15.4631 		10.4879 		25.5448
v 10.7492 		10.7998 		25.5096
v 9.8424 		10.2374 		25.573
v 12.6844 		8.7083 		30.1401
v 15.4631 		11.3276 		29.2236
v 10.7492 		11.6238 		29.12
v 9.8424 		11.0896 		29.3069
v 12.6844 		10.6152 		34.0998
v 15.4631 		12.9648 		32.6234
v 10.7492 		13.2306 		32.4564
v 9.8424 		12.7514 		32.7575
v 12.6844 		13.3554 		37.5358
v 15.4631 		15.3176 		35.5736
v 10.7492 		15.5395 		35.3517
v 9.8424 		15.1393 		35.7519
v 12.6844 		16.7914 		40.276
v 15.4631 		18.2678 		37.9263
v 10.7492 		18.4347 		37.6606
v 9.8424 		18.1336 		38.1398
v 12.6844 		20.751 		42.1828
v 15.4631 		21.6676 		39.5636
v 10.7492 		21.7712 		39.2674
v 9.8424 		21.5843 		39.8016
v 12.6844 		25.0357 		43.1608
v 15.4631 		25.3464 		40.4032
v 10.7492 		25.3816 		40.0914
v 9.8424 		25.3182 		40.6538
v 12.6844 		29.4306 		43.1608
v 15.4631 		29.1199 		40.4032
v 10.7492 		29.0847 		40.0914
v 9.8424 		29.1481 		40.6538
v 12.6844 		33.7153 		42.1828
v 15.4631 		32.7987 		39.5636
v 10.7492 		32.6951 		39.2674
v 9.8424 		32.882 		39.8016
v 12.6844 		37.6749 		40.276
v 15.4631 		36.1985 		37.9263
v 10.7492 		36.0316 		37.6606
v 9.8424 		36.3327 		38.1398
v 2.0039 		41.1188 		37.5437
v 2.0039 		43.8606 		34.1057
v 6.5124 		39.129 		35.5539
v 6.5124 		41.4778 		32.6085
v 5.8207 		38.6948 		35.1197
v 5.8207 		40.9579 		32.2818
v 2.0723 		38.5183 		34.9432
v 2.0723 		40.7466 		32.1491
v 0.8813 		36.8363 		33.2611
v 0.8813 		38.7324 		30.8835
v -2.2729 		36.5888 		33.0136
v -2.2729 		38.436 		30.6973
v 2.0039 		45.7685 		30.1438
v 6.5124 		43.1124 		29.2144
v 5.8207 		42.5328 		29.0116
v 2.0723 		42.2972 		28.9292
v 0.8813 		40.0519 		28.1435
v -2.2729 		39.7215 		28.0279
v 2.0039 		46.747 		25.8567
v 6.5124 		43.9506 		25.5416
v 5.8207 		43.3405 		25.4729
v 2.0723 		43.0925 		25.4449
v 0.8813 		40.7286 		25.1786
v -2.2729 		40.3808 		25.1394
v 2.0039 		46.747 		21.4593
v 6.5124 		43.9506 		21.7744
v 5.8207 		43.3405 		21.8432
v 2.0723 		43.0925 		21.8711
v 0.8813 		40.7286 		22.1374
v -2.2729 		40.3808 		22.1766
v 2.0039 		45.7685 		17.1722
v 6.5124 		43.1124 		18.1016
v 5.8207 		42.5328 		18.3044
v 2.0723 		42.2972 		18.3869
v 0.8813 		40.0519 		19.1725
v -2.2729 		39.7215 		19.2881
v 2.0039 		43.8606 		13.2103
v 6.5124 		41.4778 		14.7075
v 5.8207 		40.9579 		15.0342
v 2.0723 		40.7466 		15.167
v 0.8813 		38.7324 		16.4326
v -2.2729 		38.436 		16.6188
v 2.0039 		41.1188 		9.7723
v 6.5124 		39.129 		11.7622
v 5.8207 		38.6948 		12.1964
v 2.0723 		38.5183 		12.3728
v 0.8813 		36.8363 		14.0549
v -2.2729 		36.5888 		14.3024
v 2.0039 		37.6808 		7.0306
v 6.5124 		36.1837 		9.4133
v 5.8207 		35.857 		9.9333
v 2.0723 		35.7242 		10.1446
v 0.8813 		34.4586 		12.1588
v -2.2729 		34.2724 		12.4551
v 2.0039 		33.7189 		5.1227
v 6.5124 		32.7895 		7.7788
v 5.8207 		32.5867 		8.3584
v 2.0723 		32.5043 		8.594
v 0.8813 		31.7186 		10.8393
v -2.2729 		31.603 		11.1696
v 2.0039 		29.4318 		4.1442
v 6.5124 		29.1168 		6.9405
v 5.8207 		29.048 		7.5507
v 2.0723 		29.0201 		7.7987
v 0.8813 		28.7537 		10.1626
v -2.2729 		28.7145 		10.5104
v 2.0039 		25.0345 		4.1442
v 6.5124 		25.3495 		6.9405
v 5.8207 		25.4183 		7.5507
v 2.0723 		25.4462 		7.7987
v 0.8813 		25.7126 		10.1626
v -2.2729 		25.7518 		10.5104
v 2.0039 		20.7473 		5.1227
v 6.5124 		21.6768 		7.7788
v 5.8207 		21.8796 		8.3584
v 2.0723 		21.962 		8.594
v 0.8813 		22.7477 		10.8393
v -2.2729 		22.8633 		11.1696
v 2.0039 		16.7855 		7.0306
v 6.5124 		18.2826 		9.4133
v 5.8207 		18.6093 		9.9333
v 2.0723 		18.7421 		10.1446
v 0.8813 		20.0077 		12.1588
v -2.2729 		20.1939 		12.4551
v 2.0039 		13.3475 		9.7723
v 6.5124 		15.3373 		11.7622
v 5.8207 		15.7715 		12.1964
v 2.0723 		15.948 		12.3728
v 0.8813 		17.63 		14.0549
v -2.2729 		17.8775 		14.3024
v 2.0039 		10.6057 		13.2103
v 6.5124 		12.9885 		14.7075
v 5.8207 		13.5084 		15.0342
v 2.0723 		13.7197 		15.167
v 0.8813 		15.7339 		16.4326
v -2.2729 		16.0303 		16.6188
v 2.0039 		8.6978 		17.1722
v 6.5124 		11.3539 		18.1016
v 5.8207 		11.9335 		18.3044
v 2.0723 		12.1691 		18.3869
v 0.8813 		14.4144 		19.1725
v -2.2729 		14.7448 		19.2881
v 2.0039 		7.7193 		21.4593
v 6.5124 		10.5157 		21.7744
v 5.8207 		11.1258 		21.8432
v 2.0723 		11.3738 		21.8711
v 0.8813 		13.7377 		22.1374
v -2.2729 		14.0855 		22.1766
v 2.0039 		7.7193 		25.8567
v 6.5124 		10.5157 		25.5416
v 5.8207 		11.1258 		25.4729
v 2.0723 		11.3738 		25.4449
v 0.8813 		13.7377 		25.1786
v -2.2729 		14.0855 		25.1394
v 2.0039 		8.6978 		30.1438
v 6.5124 		11.3539 		29.2144
v 5.8207 		11.9335 		29.0116
v 2.0723 		12.1691 		28.9292
v 0.8813 		14.4144 		28.1435
v -2.2729 		14.7448 		28.0279
v 2.0039 		10.6057 		34.1057
v 6.5124 		12.9885 		32.6085
v 5.8207 		13.5084 		32.2818
v 2.0723 		13.7197 		32.1491
v 0.8813 		15.7339 		30.8835
v -2.2729 		16.0303 		30.6973
v 2.0039 		13.3475 		37.5437
v 6.5124 		15.3373 		35.5539
v 5.8207 		15.7715 		35.1197
v 2.0723 		15.948 		34.9432
v 0.8813 		17.63 		33.2611
v -2.2729 		17.8775 		33.0136
v 2.0039 		16.7855 		40.2854
v 6.5124 		18.2826 		37.9027
v 5.8207 		18.6093 		37.3828
v 2.0723 		18.7421 		37.1715
v 0.8813 		20.0077 		35.1573
v -2.2729 		20.1939 		34.8609
v 2.0039 		20.7473 		42.1934
v 6.5124 		21.6768 		39.5372
v 5.8207 		21.8796 		38.9576
v 2.0723 		21.962 		38.7221
v 0.8813 		22.7477 		36.4768
v -2.2729 		22.8633 		36.1464
v 2.0039 		25.0345 		43.1719
v 6.5124 		25.3495 		40.3755
v 5.8207 		25.4183 		39.7653
v 2.0723 		25.4462 		39.5173
v 0.8813 		25.7126 		37.1535
v -2.2729 		25.7518 		36.8057
v 2.0039 		29.4318 		43.1719
v 6.5124 		29.1168 		40.3755
v 5.8207 		29.048 		39.7653
v 2.0723 		29.0201 		39.5173
v 0.8813 		28.7537 		37.1535
v -2.2729 		28.7145 		36.8057
v 2.0039 		33.7189 		42.1934
v 6.5124 		32.7895 		39.5372
v 5.8207 		32.5867 		38.9576
v 2.0723 		32.5043 		38.7221
v 0.8813 		31.7186 		36.4768
v -2.2729 		31.603 		36.1464
v 2.0039 		37.6808 		40.2854
v 6.5124 		36.1837 		37.9027
v 5.8207 		35.857 		37.3828
v 2.0723 		35.7242 		37.1715
v 0.8813 		34.4586 		35.1573
v -2.2729 		34.2724 		34.8609
# 702 vertices

g group_2_40919

usemtl color_40919
s 0

f 293 	294 	295
f 294 	296 	295
f 295 	296 	297
f 296 	298 	297
f 297 	298 	299
f 298 	300 	299
f 299 	300 	301
f 300 	302 	301
f 301 	302 	303
f 302 	304 	303
f 303 	304 	305
f 304 	306 	305
f 305 	306 	307
f 306 	308 	307
f 307 	308 	309
f 308 	310 	309
f 309 	310 	311
f 310 	312 	311
f 311 	312 	313
f 312 	314 	313
f 313 	314 	315
f 314 	316 	315
f 315 	316 	317
f 316 	318 	317
f 317 	318 	319
f 318 	320 	319
f 319 	320 	321
f 320 	322 	321
f 321 	322 	323
f 324 	294 	293
f 294 	325 	296
f 325 	326 	296
f 296 	326 	298
f 326 	327 	298
f 298 	327 	300
f 327 	328 	300
f 300 	328 	302
f 328 	329 	302
f 302 	329 	304
f 329 	330 	304
f 304 	330 	306
f 330 	331 	306
f 306 	331 	308
f 331 	332 	308
f 308 	332 	310
f 332 	333 	310
f 310 	333 	312
f 333 	334 	312
f 312 	334 	314
f 334 	335 	314
f 314 	335 	316
f 335 	336 	316
f 316 	336 	318
f 336 	337 	318
f 318 	337 	320
f 337 	338 	320
f 320 	338 	322
f 338 	339 	322
f 322 	339 	323
f 324 	325 	294
f 325 	340 	326
f 340 	341 	326
f 326 	341 	327
f 341 	342 	327
f 327 	342 	328
f 342 	343 	328
f 328 	343 	329
f 343 	344 	329
f 329 	344 	330
f 344 	345 	330
f 330 	345 	331
f 345 	346 	331
f 331 	346 	332
f 346 	347 	332
f 332 	347 	333
f 347 	348 	333
f 333 	348 	334
f 348 	349 	334
f 334 	349 	335
f 349 	350 	335
f 335 	350 	336
f 350 	351 	336
f 336 	351 	337
f 351 	352 	337
f 337 	352 	338
f 352 	353 	338
f 338 	353 	339
f 353 	354 	339
f 339 	354 	323
f 324 	340 	325
f 340 	355 	341
f 355 	356 	341
f 341 	356 	342
f 356 	357 	342
f 342 	357 	343
f 357 	358 	343
f 343 	358 	344
f 358 	359 	344
f 344 	359 	345
f 359 	360 	345
f 345 	360 	346
f 360 	361 	346
f 346 	361 	347
f 361 	362 	347
f 347 	362 	348
f 362 	363 	348
f 348 	363 	349
f 363 	364 	349
f 349 	364 	350
f 364 	365 	350
f 350 	365 	351
f 365 	366 	351
f 351 	366 	352
f 366 	367 	352
f 352 	367 	353
f 367 	368 	353
f 353 	368 	354
f 368 	369 	354
f 354 	369 	323
f 324 	355 	340
f 355 	370 	356
f 370 	371 	356
f 356 	371 	357
f 371 	372 	357
f 357 	372 	358
f 372 	373 	358
f 358 	373 	359
f 373 	374 	359
f 359 	374 	360
f 374 	375 	360
f 360 	375 	361
f 375 	376 	361
f 361 	376 	362
f 376 	377 	362
f 362 	377 	363
f 377 	378 	363
f 363 	378 	364
f 378 	379 	364
f 364 	379 	365
f 379 	380 	365
f 365 	380 	366
f 380 	381 	366
f 366 	381 	367
f 381 	382 	367
f 367 	382 	368
f 382 	383 	368
f 368 	383 	369
f 383 	384 	369
f 369 	384 	323
f 324 	370 	355
f 370 	385 	371
f 385 	386 	371
f 371 	386 	372
f 386 	387 	372
f 372 	387 	373
f 387 	388 	373
f 373 	388 	374
f 388 	389 	374
f 374 	389 	375
f 389 	390 	375
f 375 	390 	376
f 390 	391 	376
f 376 	391 	377
f 391 	392 	377
f 377 	392 	378
f 392 	393 	378
f 378 	393 	379
f 393 	394 	379
f 379 	394 	380
f 394 	395 	380
f 380 	395 	381
f 395 	396 	381
f 381 	396 	382
f 396 	397 	382
f 382 	397 	383
f 397 	398 	383
f 383 	398 	384
f 398 	399 	384
f 384 	399 	323
f 324 	385 	370
f 385 	400 	386
f 400 	401 	386
f 386 	401 	387
f 401 	402 	387
f 387 	402 	388
f 402 	403 	388
f 388 	403 	389
f 403 	404 	389
f 389 	404 	390
f 404 	405 	390
f 390 	405 	391
f 405 	406 	391
f 391 	406 	392
f 406 	407 	392
f 392 	407 	393
f 407 	408 	393
f 393 	408 	394
f 408 	409 	394
f 394 	409 	395
f 409 	410 	395
f 395 	410 	396
f 410 	411 	396
f 396 	411 	397
f 411 	412 	397
f 397 	412 	398
f 412 	413 	398
f 398 	413 	399
f 413 	414 	399
f 399 	414 	323
f 324 	400 	385
f 400 	415 	401
f 415 	416 	401
f 401 	416 	402
f 416 	417 	402
f 402 	417 	403
f 417 	418 	403
f 403 	418 	404
f 418 	419 	404
f 404 	419 	405
f 419 	420 	405
f 405 	420 	406
f 420 	421 	406
f 406 	421 	407
f 421 	422 	407
f 407 	422 	408
f 422 	423 	408
f 408 	423 	409
f 423 	424 	409
f 409 	424 	410
f 424 	425 	410
f 410 	425 	411
f 425 	426 	411
f 411 	426 	412
f 426 	427 	412
f 412 	427 	413
f 427 	428 	413
f 413 	428 	414
f 428 	429 	414
f 414 	429 	323
f 324 	415 	400
f 415 	430 	416
f 430 	431 	416
f 416 	431 	417
f 431 	432 	417
f 417 	432 	418
f 432 	433 	418
f 418 	433 	419
f 433 	434 	419
f 419 	434 	420
f 434 	435 	420
f 420 	435 	421
f 435 	436 	421
f 421 	436 	422
f 436 	437 	422
f 422 	437 	423
f 437 	438 	423
f 423 	438 	424
f 438 	439 	424
f 424 	439 	425
f 439 	440 	425
f 425 	440 	426
f 440 	441 	426
f 426 	441 	427
f 441 	442 	427
f 427 	442 	428
f 442 	443 	428
f 428 	443 	429
f 443 	444 	429
f 429 	444 	323
f 324 	430 	415
f 430 	445 	431
f 445 	446 	431
f 431 	446 	432
f 446 	447 	432
f 432 	447 	433
f 447 	448 	433
f 433 	448 	434
f 448 	449 	434
f 434 	449 	435
f 449 	450 	435
f 435 	450 	436
f 450 	451 	436
f 436 	451 	437
f 451 	452 	437
f 437 	452 	438
f 452 	453 	438
f 438 	453 	439
f 453 	454 	439
f 439 	454 	440
f 454 	455 	440
f 440 	455 	441
f 455 	456 	441
f 441 	456 	442
f 456 	457 	442
f 442 	457 	443
f 457 	458 	443
f 443 	458 	444
f 458 	459 	444
f 444 	459 	323
f 324 	445 	430
f 445 	460 	446
f 460 	461 	446
f 446 	461 	447
f 461 	462 	447
f 447 	462 	448
f 462 	463 	448
f 448 	463 	449
f 463 	464 	449
f 449 	464 	450
f 464 	465 	450
f 450 	465 	451
f 465 	466 	451
f 451 	466 	452
f 466 	467 	452
f 452 	467 	453
f 467 	468 	453
f 453 	468 	454
f 468 	469 	454
f 454 	469 	455
f 469 	470 	455
f 455 	470 	456
f 470 	471 	456
f 456 	471 	457
f 471 	472 	457
f 457 	472 	458
f 472 	473 	458
f 458 	473 	459
f 473 	474 	459
f 459 	474 	323
f 324 	460 	445
f 460 	475 	461
f 475 	476 	461
f 461 	476 	462
f 476 	477 	462
f 462 	477 	463
f 477 	478 	463
f 463 	478 	464
f 478 	479 	464
f 464 	479 	465
f 479 	480 	465
f 465 	480 	466
f 480 	481 	466
f 466 	481 	467
f 481 	482 	467
f 467 	482 	468
f 482 	483 	468
f 468 	483 	469
f 483 	484 	469
f 469 	484 	470
f 484 	485 	470
f 470 	485 	471
f 485 	486 	471
f 471 	486 	472
f 486 	487 	472
f 472 	487 	473
f 487 	488 	473
f 473 	488 	474
f 488 	489 	474
f 474 	489 	323
f 324 	475 	460
f 475 	490 	476
f 490 	491 	476
f 476 	491 	477
f 491 	492 	477
f 477 	492 	478
f 492 	493 	478
f 478 	493 	479
f 493 	494 	479
f 479 	494 	480
f 494 	495 	480
f 480 	495 	481
f 495 	496 	481
f 481 	496 	482
f 496 	497 	482
f 482 	497 	483
f 497 	498 	483
f 483 	498 	484
f 498 	499 	484
f 484 	499 	485
f 499 	500 	485
f 485 	500 	486
f 500 	501 	486
f 486 	501 	487
f 501 	502 	487
f 487 	502 	488
f 502 	503 	488
f 488 	503 	489
f 503 	504 	489
f 489 	504 	323
f 324 	490 	475
f 490 	505 	491
f 505 	506 	491
f 491 	506 	492
f 506 	507 	492
f 492 	507 	493
f 507 	508 	493
f 493 	508 	494
f 508 	509 	494
f 494 	509 	495
f 509 	510 	495
f 495 	510 	496
f 510 	511 	496
f 496 	511 	497
f 511 	512 	497
f 497 	512 	498
f 512 	513 	498
f 498 	513 	499
f 513 	514 	499
f 499 	514 	500
f 514 	515 	500
f 500 	515 	501
f 515 	516 	501
f 501 	516 	502
f 516 	517 	502
f 502 	517 	503
f 517 	518 	503
f 503 	518 	504
f 518 	519 	504
f 504 	519 	323
f 324 	505 	490
f 505 	520 	506
f 520 	521 	506
f 506 	521 	507
f 521 	522 	507
f 507 	522 	508
f 522 	523 	508
f 508 	523 	509
f 523 	524 	509
f 509 	524 	510
f 524 	525 	510
f 510 	525 	511
f 525 	526 	511
f 511 	526 	512
f 526 	527 	512
f 512 	527 	513
f 527 	528 	513
f 513 	528 	514
f 528 	529 	514
f 514 	529 	515
f 529 	530 	515
f 515 	530 	516
f 530 	531 	516
f 516 	531 	517
f 531 	532 	517
f 517 	532 	518
f 532 	533 	518
f 518 	533 	519
f 533 	534 	519
f 519 	534 	323
f 324 	520 	505
f 520 	535 	521
f 535 	536 	521
f 521 	536 	522
f 536 	537 	522
f 522 	537 	523
f 537 	538 	523
f 523 	538 	524
f 538 	539 	524
f 524 	539 	525
f 539 	540 	525
f 525 	540 	526
f 540 	541 	526
f 526 	541 	527
f 541 	542 	527
f 527 	542 	528
f 542 	543 	528
f 528 	543 	529
f 543 	544 	529
f 529 	544 	530
f 544 	545 	530
f 530 	545 	531
f 545 	546 	531
f 531 	546 	532
f 546 	547 	532
f 532 	547 	533
f 547 	548 	533
f 533 	548 	534
f 548 	549 	534
f 534 	549 	323
f 324 	535 	520
f 535 	550 	536
f 550 	551 	536
f 536 	551 	537
f 551 	552 	537
f 537 	552 	538
f 552 	553 	538
f 538 	553 	539
f 553 	554 	539
f 539 	554 	540
f 554 	555 	540
f 540 	555 	541
f 555 	556 	541
f 541 	556 	542
f 556 	557 	542
f 542 	557 	543
f 557 	558 	543
f 543 	558 	544
f 558 	559 	544
f 544 	559 	545
f 559 	560 	545
f 545 	560 	546
f 560 	561 	546
f 546 	561 	547
f 561 	562 	547
f 547 	562 	548
f 562 	563 	548
f 548 	563 	549
f 563 	564 	549
f 549 	564 	323
f 324 	550 	535
f 550 	565 	551
f 565 	566 	551
f 551 	566 	552
f 566 	567 	552
f 552 	567 	553
f 567 	568 	553
f 553 	568 	554
f 568 	569 	554
f 554 	569 	555
f 569 	570 	555
f 555 	570 	556
f 570 	571 	556
f 556 	571 	557
f 571 	572 	557
f 557 	572 	558
f 572 	573 	558
f 558 	573 	559
f 573 	574 	559
f 559 	574 	560
f 574 	575 	560
f 560 	575 	561
f 575 	576 	561
f 561 	576 	562
f 576 	577 	562
f 562 	577 	563
f 577 	578 	563
f 563 	578 	564
f 578 	579 	564
f 564 	579 	323
f 324 	565 	550
f 565 	580 	566
f 580 	581 	566
f 566 	581 	567
f 581 	582 	567
f 567 	582 	568
f 582 	583 	568
f 568 	583 	569
f 583 	584 	569
f 569 	584 	570
f 584 	585 	570
f 570 	585 	571
f 585 	586 	571
f 571 	586 	572
f 586 	587 	572
f 572 	587 	573
f 587 	588 	573
f 573 	588 	574
f 588 	589 	574
f 574 	589 	575
f 589 	590 	575
f 575 	590 	576
f 590 	591 	576
f 576 	591 	577
f 591 	592 	577
f 577 	592 	578
f 592 	593 	578
f 578 	593 	579
f 593 	594 	579
f 579 	594 	323
f 324 	580 	565
f 580 	595 	581
f 595 	596 	581
f 581 	596 	582
f 596 	597 	582
f 582 	597 	583
f 597 	598 	583
f 583 	598 	584
f 598 	599 	584
f 584 	599 	585
f 599 	600 	585
f 585 	600 	586
f 600 	601 	586
f 586 	601 	587
f 601 	602 	587
f 587 	602 	588
f 602 	603 	588
f 588 	603 	589
f 603 	604 	589
f 589 	604 	590
f 604 	605 	590
f 590 	605 	591
f 605 	606 	591
f 591 	606 	592
f 606 	607 	592
f 592 	607 	593
f 607 	608 	593
f 593 	608 	594
f 608 	609 	594
f 594 	609 	323
f 324 	595 	580
f 595 	610 	596
f 610 	611 	596
f 596 	611 	597
f 611 	612 	597
f 597 	612 	598
f 612 	613 	598
f 598 	613 	599
f 613 	614 	599
f 599 	614 	600
f 614 	615 	600
f 600 	615 	601
f 615 	616 	601
f 601 	616 	602
f 616 	617 	602
f 602 	617 	603
f 617 	618 	603
f 603 	618 	604
f 618 	619 	604
f 604 	619 	605
f 619 	620 	605
f 605 	620 	606
f 620 	621 	606
f 606 	621 	607
f 621 	622 	607
f 607 	622 	608
f 622 	623 	608
f 608 	623 	609
f 623 	624 	609
f 609 	624 	323
f 324 	610 	595
f 610 	625 	611
f 625 	626 	611
f 611 	626 	612
f 626 	627 	612
f 612 	627 	613
f 627 	628 	613
f 613 	628 	614
f 628 	629 	614
f 614 	629 	615
f 629 	630 	615
f 615 	630 	616
f 630 	631 	616
f 616 	631 	617
f 631 	632 	617
f 617 	632 	618
f 632 	633 	618
f 618 	633 	619
f 633 	634 	619
f 619 	634 	620
f 634 	635 	620
f 620 	635 	621
f 635 	636 	621
f 621 	636 	622
f 636 	637 	622
f 622 	637 	623
f 637 	638 	623
f 623 	638 	624
f 638 	639 	624
f 624 	639 	323
f 324 	625 	610
f 625 	640 	626
f 640 	641 	626
f 626 	641 	627
f 641 	642 	627
f 627 	642 	628
f 642 	643 	628
f 628 	643 	629
f 643 	644 	629
f 629 	644 	630
f 644 	645 	630
f 630 	645 	631
f 645 	646 	631
f 631 	646 	632
f 646 	647 	632
f 632 	647 	633
f 647 	648 	633
f 633 	648 	634
f 648 	649 	634
f 634 	649 	635
f 649 	650 	635
f 635 	650 	636
f 650 	651 	636
f 636 	651 	637
f 651 	652 	637
f 637 	652 	638
f 652 	653 	638
f 638 	653 	639
f 653 	654 	639
f 639 	654 	323
f 324 	640 	625
f 640 	655 	641
f 655 	656 	641
f 641 	656 	642
f 656 	657 	642
f 642 	657 	643
f 657 	658 	643
f 643 	658 	644
f 658 	659 	644
f 644 	659 	645
f 659 	660 	645
f 645 	660 	646
f 660 	661 	646
f 646 	661 	647
f 661 	662 	647
f 647 	662 	648
f 662 	663 	648
f 648 	663 	649
f 663 	664 	649
f 649 	664 	650
f 664 	665 	650
f 650 	665 	651
f 665 	666 	651
f 651 	666 	652
f 666 	667 	652
f 652 	667 	653
f 667 	668 	653
f 653 	668 	654
f 668 	669 	654
f 654 	669 	323
f 324 	655 	640
f 655 	670 	656
f 670 	671 	656
f 656 	671 	657
f 671 	672 	657
f 657 	672 	658
f 672 	673 	658
f 658 	673 	659
f 673 	674 	659
f 659 	674 	660
f 674 	675 	660
f 660 	675 	661
f 675 	676 	661
f 661 	676 	662
f 676 	677 	662
f 662 	677 	663
f 677 	678 	663
f 663 	678 	664
f 678 	679 	664
f 664 	679 	665
f 679 	680 	665
f 665 	680 	666
f 680 	681 	666
f 666 	681 	667
f 681 	682 	667
f 667 	682 	668
f 682 	683 	668
f 668 	683 	669
f 683 	684 	669
f 669 	684 	323
f 324 	670 	655
f 670 	685 	671
f 685 	686 	671
f 671 	686 	672
f 686 	687 	672
f 672 	687 	673
f 687 	688 	673
f 673 	688 	674
f 688 	689 	674
f 674 	689 	675
f 689 	690 	675
f 675 	690 	676
f 690 	691 	676
f 676 	691 	677
f 691 	692 	677
f 677 	692 	678
f 692 	693 	678
f 678 	693 	679
f 693 	694 	679
f 679 	694 	680
f 694 	695 	680
f 680 	695 	681
f 695 	696 	681
f 681 	696 	682
f 696 	697 	682
f 682 	697 	683
f 697 	698 	683
f 683 	698 	684
f 698 	699 	684
f 684 	699 	323
f 324 	685 	670
f 685 	700 	686
f 700 	701 	686
f 686 	701 	687
f 701 	702 	687
f 687 	702 	688
f 702 	703 	688
f 688 	703 	689
f 703 	704 	689
f 689 	704 	690
f 704 	705 	690
f 690 	705 	691
f 705 	706 	691
f 691 	706 	692
f 706 	707 	692
f 692 	707 	693
f 707 	708 	693
f 693 	708 	694
f 708 	709 	694
f 694 	709 	695
f 709 	710 	695
f 695 	710 	696
f 710 	711 	696
f 696 	711 	697
f 711 	712 	697
f 697 	712 	698
f 712 	713 	698
f 698 	713 	699
f 713 	714 	699
f 699 	714 	323
f 324 	700 	685
f 700 	293 	701
f 293 	295 	701
f 701 	295 	702
f 295 	297 	702
f 702 	297 	703
f 297 	299 	703
f 703 	299 	704
f 299 	301 	704
f 704 	301 	705
f 301 	303 	705
f 705 	303 	706
f 303 	305 	706
f 706 	305 	707
f 305 	307 	707
f 707 	307 	708
f 307 	309 	708
f 708 	309 	709
f 309 	311 	709
f 709 	311 	710
f 311 	313 	710
f 710 	313 	711
f 313 	315 	711
f 711 	315 	712
f 315 	317 	712
f 712 	317 	713
f 317 	319 	713
f 713 	319 	714
f 319 	321 	714
f 714 	321 	323
f 324 	293 	700
f 715 	716 	717
f 716 	718 	717
f 717 	718 	719
f 718 	720 	719
f 719 	720 	721
f 720 	722 	721
f 721 	722 	715
f 722 	716 	715
f 716 	723 	718
f 723 	724 	718
f 718 	724 	720
f 724 	725 	720
f 720 	725 	722
f 725 	726 	722
f 722 	726 	716
f 726 	723 	716
f 723 	727 	724
f 727 	728 	724
f 724 	728 	725
f 728 	729 	725
f 725 	729 	726
f 729 	730 	726
f 726 	730 	723
f 730 	727 	723
f 727 	731 	728
f 731 	732 	728
f 728 	732 	729
f 732 	733 	729
f 729 	733 	730
f 733 	734 	730
f 730 	734 	727
f 734 	731 	727
f 731 	735 	732
f 735 	736 	732
f 732 	736 	733
f 736 	737 	733
f 733 	737 	734
f 737 	738 	734
f 734 	738 	731
f 738 	735 	731
f 735 	739 	736
f 739 	740 	736
f 736 	740 	737
f 740 	741 	737
f 737 	741 	738
f 741 	742 	738
f 738 	742 	735
f 742 	739 	735
f 739 	743 	740
f 743 	744 	740
f 740 	744 	741
f 744 	745 	741
f 741 	745 	742
f 745 	746 	742
f 742 	746 	739
f 746 	743 	739
f 743 	747 	744
f 747 	748 	744
f 744 	748 	745
f 748 	749 	745
f 745 	749 	746
f 749 	750 	746
f 746 	750 	743
f 750 	747 	743
f 747 	751 	748
f 751 	752 	748
f 748 	752 	749
f 752 	753 	749
f 749 	753 	750
f 753 	754 	750
f 750 	754 	747
f 754 	751 	747
f 751 	755 	752
f 755 	756 	752
f 752 	756 	753
f 756 	757 	753
f 753 	757 	754
f 757 	758 	754
f 754 	758 	751
f 758 	755 	751
f 755 	759 	756
f 759 	760 	756
f 756 	760 	757
f 760 	761 	757
f 757 	761 	758
f 761 	762 	758
f 758 	762 	755
f 762 	759 	755
f 759 	763 	760
f 763 	764 	760
f 760 	764 	761
f 764 	765 	761
f 761 	765 	762
f 765 	766 	762
f 762 	766 	759
f 766 	763 	759
f 763 	767 	764
f 767 	768 	764
f 764 	768 	765
f 768 	769 	765
f 765 	769 	766
f 769 	770 	766
f 766 	770 	763
f 770 	767 	763
f 767 	771 	768
f 771 	772 	768
f 768 	772 	769
f 772 	773 	769
f 769 	773 	770
f 773 	774 	770
f 770 	774 	767
f 774 	771 	767
f 771 	775 	772
f 775 	776 	772
f 772 	776 	773
f 776 	777 	773
f 773 	777 	774
f 777 	778 	774
f 774 	778 	771
f 778 	775 	771
f 775 	779 	776
f 779 	780 	776
f 776 	780 	777
f 780 	781 	777
f 777 	781 	778
f 781 	782 	778
f 778 	782 	775
f 782 	779 	775
f 779 	783 	780
f 783 	784 	780
f 780 	784 	781
f 784 	785 	781
f 781 	785 	782
f 785 	786 	782
f 782 	786 	779
f 786 	783 	779
f 783 	787 	784
f 787 	788 	784
f 784 	788 	785
f 788 	789 	785
f 785 	789 	786
f 789 	790 	786
f 786 	790 	783
f 790 	787 	783
f 787 	791 	788
f 791 	792 	788
f 788 	792 	789
f 792 	793 	789
f 789 	793 	790
f 793 	794 	790
f 790 	794 	787
f 794 	791 	787
f 791 	795 	792
f 795 	796 	792
f 792 	796 	793
f 796 	797 	793
f 793 	797 	794
f 797 	798 	794
f 794 	798 	791
f 798 	795 	791
f 795 	799 	796
f 799 	800 	796
f 796 	800 	797
f 800 	801 	797
f 797 	801 	798
f 801 	802 	798
f 798 	802 	795
f 802 	799 	795
f 799 	803 	800
f 803 	804 	800
f 800 	804 	801
f 804 	805 	801
f 801 	805 	802
f 805 	806 	802
f 802 	806 	799
f 806 	803 	799
f 803 	807 	804
f 807 	808 	804
f 804 	808 	805
f 808 	809 	805
f 805 	809 	806
f 809 	810 	806
f 806 	810 	803
f 810 	807 	803
f 807 	811 	808
f 811 	812 	808
f 808 	812 	809
f 812 	813 	809
f 809 	813 	810
f 813 	814 	810
f 810 	814 	807
f 814 	811 	807
f 811 	815 	812
f 815 	816 	812
f 812 	816 	813
f 816 	817 	813
f 813 	817 	814
f 817 	818 	814
f 814 	818 	811
f 818 	815 	811
f 815 	819 	816
f 819 	820 	816
f 816 	820 	817
f 820 	821 	817
f 817 	821 	818
f 821 	822 	818
f 818 	822 	815
f 822 	819 	815
f 819 	823 	820
f 823 	824 	820
f 820 	824 	821
f 824 	825 	821
f 821 	825 	822
f 825 	826 	822
f 822 	826 	819
f 826 	823 	819
f 823 	715 	824
f 715 	717 	824
f 824 	717 	825
f 717 	719 	825
f 825 	719 	826
f 719 	721 	826
f 826 	721 	823
f 721 	715 	823
f 827 	828 	829
f 828 	830 	829
f 829 	830 	831
f 830 	832 	831
f 831 	832 	833
f 832 	834 	833
f 833 	834 	835
f 834 	836 	835
f 835 	836 	837
f 836 	838 	837
f 837 	838 	827
f 838 	828 	827
f 828 	839 	830
f 839 	840 	830
f 830 	840 	832
f 840 	841 	832
f 832 	841 	834
f 841 	842 	834
f 834 	842 	836
f 842 	843 	836
f 836 	843 	838
f 843 	844 	838
f 838 	844 	828
f 844 	839 	828
f 839 	845 	840
f 845 	846 	840
f 840 	846 	841
f 846 	847 	841
f 841 	847 	842
f 847 	848 	842
f 842 	848 	843
f 848 	849 	843
f 843 	849 	844
f 849 	850 	844
f 844 	850 	839
f 850 	845 	839
f 845 	851 	846
f 851 	852 	846
f 846 	852 	847
f 852 	853 	847
f 847 	853 	848
f 853 	854 	848
f 848 	854 	849
f 854 	855 	849
f 849 	855 	850
f 855 	856 	850
f 850 	856 	845
f 856 	851 	845
f 851 	857 	852
f 857 	858 	852
f 852 	858 	853
f 858 	859 	853
f 853 	859 	854
f 859 	860 	854
f 854 	860 	855
f 860 	861 	855
f 855 	861 	856
f 861 	862 	856
f 856 	862 	851
f 862 	857 	851
f 857 	863 	858
f 863 	864 	858
f 858 	864 	859
f 864 	865 	859
f 859 	865 	860
f 865 	866 	860
f 860 	866 	861
f 866 	867 	861
f 861 	867 	862
f 867 	868 	862
f 862 	868 	857
f 868 	863 	857
f 863 	869 	864
f 869 	870 	864
f 864 	870 	865
f 870 	871 	865
f 865 	871 	866
f 871 	872 	866
f 866 	872 	867
f 872 	873 	867
f 867 	873 	868
f 873 	874 	868
f 868 	874 	863
f 874 	869 	863
f 869 	875 	870
f 875 	876 	870
f 870 	876 	871
f 876 	877 	871
f 871 	877 	872
f 877 	878 	872
f 872 	878 	873
f 878 	879 	873
f 873 	879 	874
f 879 	880 	874
f 874 	880 	869
f 880 	875 	869
f 875 	881 	876
f 881 	882 	876
f 876 	882 	877
f 882 	883 	877
f 877 	883 	878
f 883 	884 	878
f 878 	884 	879
f 884 	885 	879
f 879 	885 	880
f 885 	886 	880
f 880 	886 	875
f 886 	881 	875
f 881 	887 	882
f 887 	888 	882
f 882 	888 	883
f 888 	889 	883
f 883 	889 	884
f 889 	890 	884
f 884 	890 	885
f 890 	891 	885
f 885 	891 	886
f 891 	892 	886
f 886 	892 	881
f 892 	887 	881
f 887 	893 	888
f 893 	894 	888
f 888 	894 	889
f 894 	895 	889
f 889 	895 	890
f 895 	896 	890
f 890 	896 	891
f 896 	897 	891
f 891 	897 	892
f 897 	898 	892
f 892 	898 	887
f 898 	893 	887
f 893 	899 	894
f 899 	900 	894
f 894 	900 	895
f 900 	901 	895
f 895 	901 	896
f 901 	902 	896
f 896 	902 	897
f 902 	903 	897
f 897 	903 	898
f 903 	904 	898
f 898 	904 	893
f 904 	899 	893
f 899 	905 	900
f 905 	906 	900
f 900 	906 	901
f 906 	907 	901
f 901 	907 	902
f 907 	908 	902
f 902 	908 	903
f 908 	909 	903
f 903 	909 	904
f 909 	910 	904
f 904 	910 	899
f 910 	905 	899
f 905 	911 	906
f 911 	912 	906
f 906 	912 	907
f 912 	913 	907
f 907 	913 	908
f 913 	914 	908
f 908 	914 	909
f 914 	915 	909
f 909 	915 	910
f 915 	916 	910
f 910 	916 	905
f 916 	911 	905
f 911 	917 	912
f 917 	918 	912
f 912 	918 	913
f 918 	919 	913
f 913 	919 	914
f 919 	920 	914
f 914 	920 	915
f 920 	921 	915
f 915 	921 	916
f 921 	922 	916
f 916 	922 	911
f 922 	917 	911
f 917 	923 	918
f 923 	924 	918
f 918 	924 	919
f 924 	925 	919
f 919 	925 	920
f 925 	926 	920
f 920 	926 	921
f 926 	927 	921
f 921 	927 	922
f 927 	928 	922
f 922 	928 	917
f 928 	923 	917
f 923 	929 	924
f 929 	930 	924
f 924 	930 	925
f 930 	931 	925
f 925 	931 	926
f 931 	932 	926
f 926 	932 	927
f 932 	933 	927
f 927 	933 	928
f 933 	934 	928
f 928 	934 	923
f 934 	929 	923
f 929 	935 	930
f 935 	936 	930
f 930 	936 	931
f 936 	937 	931
f 931 	937 	932
f 937 	938 	932
f 932 	938 	933
f 938 	939 	933
f 933 	939 	934
f 939 	940 	934
f 934 	940 	929
f 940 	935 	929
f 935 	941 	936
f 941 	942 	936
f 936 	942 	937
f 942 	943 	937
f 937 	943 	938
f 943 	944 	938
f 938 	944 	939
f 944 	945 	939
f 939 	945 	940
f 945 	946 	940
f 940 	946 	935
f 946 	941 	935
f 941 	947 	942
f 947 	948 	942
f 942 	948 	943
f 948 	949 	943
f 943 	949 	944
f 949 	950 	944
f 944 	950 	945
f 950 	951 	945
f 945 	951 	946
f 951 	952 	946
f 946 	952 	941
f 952 	947 	941
f 947 	953 	948
f 953 	954 	948
f 948 	954 	949
f 954 	955 	949
f 949 	955 	950
f 955 	956 	950
f 950 	956 	951
f 956 	957 	951
f 951 	957 	952
f 957 	958 	952
f 952 	958 	947
f 958 	953 	947
f 953 	959 	954
f 959 	960 	954
f 954 	960 	955
f 960 	961 	955
f 955 	961 	956
f 961 	962 	956
f 956 	962 	957
f 962 	963 	957
f 957 	963 	958
f 963 	964 	958
f 958 	964 	953
f 964 	959 	953
f 959 	965 	960
f 965 	966 	960
f 960 	966 	961
f 966 	967 	961
f 961 	967 	962
f 967 	968 	962
f 962 	968 	963
f 968 	969 	963
f 963 	969 	964
f 969 	970 	964
f 964 	970 	959
f 970 	965 	959
f 965 	971 	966
f 971 	972 	966
f 966 	972 	967
f 972 	973 	967
f 967 	973 	968
f 973 	974 	968
f 968 	974 	969
f 974 	975 	969
f 969 	975 	970
f 975 	976 	970
f 970 	976 	965
f 976 	971 	965
f 971 	977 	972
f 977 	978 	972
f 972 	978 	973
f 978 	979 	973
f 973 	979 	974
f 979 	980 	974
f 974 	980 	975
f 980 	981 	975
f 975 	981 	976
f 981 	982 	976
f 976 	982 	971
f 982 	977 	971
f 977 	983 	978
f 983 	984 	978
f 978 	984 	979
f 984 	985 	979
f 979 	985 	980
f 985 	986 	980
f 980 	986 	981
f 986 	987 	981
f 981 	987 	982
f 987 	988 	982
f 982 	988 	977
f 988 	983 	977
f 983 	989 	984
f 989 	990 	984
f 984 	990 	985
f 990 	991 	985
f 985 	991 	986
f 991 	992 	986
f 986 	992 	987
f 992 	993 	987
f 987 	993 	988
f 993 	994 	988
f 988 	994 	983
f 994 	989 	983
f 989 	827 	990
f 827 	829 	990
f 990 	829 	991
f 829 	831 	991
f 991 	831 	992
f 831 	833 	992
f 992 	833 	993
f 833 	835 	993
f 993 	835 	994
f 835 	837 	994
f 994 	837 	989
f 837 	827 	989
# 1400 faces

 #end of obj_2

o obj_3
v 17.3506 		32.1912 		26.6554
v 17.3506 		32.7831 		25.9133
v 25.9969 		37.6185 		32.0827
v 25.9969 		39.2819 		29.9968
v 26.8247 		37.6834 		32.1476
v 26.8247 		39.3597 		30.0457
v 26.7596 		38.0972 		32.5614
v 26.7596 		39.8552 		30.357
v 27.7002 		38.6876 		33.1518
v 27.7002 		40.5622 		30.8012
v 30.2024 		39.3503 		33.8145
v 30.2024 		41.3556 		31.2998
v 42 		39.9056 		34.3698
v 42 		42.0207 		31.7177
v 34.7653 		45.0145 		39.4787
v 34.7653 		48.1383 		35.5616
v 30.0725 		42.0689 		36.5331
v 30.0725 		44.6111 		33.3453
v 23.4162 		45.0066 		39.4708
v 23.4162 		48.1288 		35.5557
v 15.6768 		36.8087 		31.2729
v 15.6768 		38.3123 		29.3875
v 21.8146 		37.2903 		31.7545
v 21.8146 		38.889 		29.7499
v 21.674 		37.0919 		31.5561
v 21.674 		38.6513 		29.6006
v 22.4859 		37.3069 		31.7711
v 22.4859 		38.9088 		29.7623
v 16.0501 		33.2671 		27.7313
v 16.0501 		34.0714 		26.7228
v 9 		29.1938 		23.658
v 12.1626 		29.1938 		23.658
v 17.3506 		33.1949 		25.0581
v 25.9969 		40.4395 		27.593
v 26.8247 		40.5262 		27.6234
v 26.7596 		41.0785 		27.8167
v 27.7002 		41.8667 		28.0924
v 30.2024 		42.7512 		28.4019
v 42 		43.4925 		28.6614
v 34.7653 		50.3121 		31.0476
v 30.0725 		46.3801 		29.6718
v 23.4162 		50.3016 		31.0439
v 15.6768 		39.3586 		27.2148
v 21.8146 		40.0015 		27.4398
v 21.674 		39.7365 		27.3471
v 22.4859 		40.0235 		27.4475
v 16.0501 		34.631 		25.5606
v 17.3506 		33.4062 		24.1326
v 25.9969 		41.0332 		24.992
v 26.8247 		41.1244 		25.0023
v 26.7596 		41.7059 		25.0678
v 27.7002 		42.5357 		25.1613
v 30.2024 		43.4669 		25.2662
v 42 		44.2474 		25.3541
v 34.7653 		51.427 		26.1631
v 30.0725 		47.2874 		25.6967
v 23.4162 		51.4159 		26.1618
v 15.6768 		39.8952 		24.8638
v 21.8146 		40.572 		24.94
v 21.674 		40.2931 		24.9086
v 22.4859 		40.5953 		24.9427
v 16.0501 		34.9181 		24.303
v 17.3506 		33.4062 		23.1834
v 25.9969 		41.0332 		22.324
v 26.8247 		41.1244 		22.3138
v 26.7596 		41.7059 		22.2482
v 27.7002 		42.5357 		22.1548
v 30.2024 		43.4669 		22.0498
v 42 		44.2474 		21.9619
v 34.7653 		51.427 		21.1529
v 30.0725 		47.2874 		21.6194
v 23.4162 		51.4159 		21.1542
v 15.6768 		39.8952 		22.4523
v 21.8146 		40.572 		22.376
v 21.674 		40.2931 		22.4074
v 22.4859 		40.5953 		22.3734
v 16.0501 		34.9181 		23.013
v 17.3506 		33.1949 		22.258
v 25.9969 		40.4395 		19.723
v 26.8247 		40.5262 		19.6927
v 26.7596 		41.0785 		19.4994
v 27.7002 		41.8667 		19.2236
v 30.2024 		42.7512 		18.9141
v 42 		43.4925 		18.6547
v 34.7653 		50.3121 		16.2684
v 30.0725 		46.3801 		17.6443
v 23.4162 		50.3016 		16.2721
v 15.6768 		39.3586 		20.1012
v 21.8146 		40.0015 		19.8763
v 21.674 		39.7365 		19.969
v 22.4859 		40.0235 		19.8685
v 16.0501 		34.631 		21.7555
v 17.3506 		32.7831 		21.4027
v 25.9969 		39.2819 		17.3193
v 26.8247 		39.3597 		17.2704
v 26.7596 		39.8552 		16.959
v 27.7002 		40.5622 		16.5148
v 30.2024 		41.3556 		16.0162
v 42 		42.0207 		15.5984
v 34.7653 		48.1383 		11.7544
v 30.0725 		44.6111 		13.9707
v 23.4162 		48.1288 		11.7604
v 15.6768 		38.3123 		17.9285
v 21.8146 		38.889 		17.5662
v 21.674 		38.6513 		17.7155
v 22.4859 		38.9088 		17.5537
v 16.0501 		34.0714 		20.5933
v 17.3506 		32.1912 		20.6606
v 25.9969 		37.6185 		15.2334
v 26.8247 		37.6834 		15.1684
v 26.7596 		38.0972 		14.7546
v 27.7002 		38.6876 		14.1642
v 30.2024 		39.3503 		13.5016
v 42 		39.9056 		12.9462
v 34.7653 		45.0145 		7.8373
v 30.0725 		42.0689 		10.783
v 23.4162 		45.0066 		7.8452
v 15.6768 		36.8087 		16.0431
v 21.8146 		37.2903 		15.5615
v 21.674 		37.0919 		15.76
v 22.4859 		37.3069 		15.545
v 16.0501 		33.2671 		19.5847
v 17.3506 		31.4491 		20.0688
v 25.9969 		35.5326 		13.5699
v 26.8247 		35.5815 		13.4922
v 26.7596 		35.8928 		12.9967
v 27.7002 		36.337 		12.2897
v 30.2024 		36.8356 		11.4962
v 42 		37.2535 		10.8312
v 34.7653 		41.0974 		4.7136
v 30.0725 		38.8811 		8.2408
v 23.4162 		41.0915 		4.723
v 15.6768 		34.9233 		14.5395
v 21.8146 		35.2857 		13.9629
v 21.674 		35.1364 		14.2005
v 22.4859 		35.2981 		13.9431
v 16.0501 		32.2586 		18.7805
v 17.3506 		30.5939 		19.6569
v 25.9969 		33.1289 		12.4124
v 26.8247 		33.1592 		12.3257
v 26.7596 		33.3525 		11.7733
v 27.7002 		33.6282 		10.9852
v 30.2024 		33.9377 		10.1007
v 42 		34.1972 		9.3593
v 34.7653 		36.5834 		2.5397
v 30.0725 		35.2076 		6.4717
v 23.4162 		36.5797 		2.5503
v 15.6768 		32.7506 		13.4932
v 21.8146 		32.9756 		12.8504
v 21.674 		32.8829 		13.1153
v 22.4859 		32.9833 		12.8283
v 16.0501 		31.0964 		18.2208
v 17.3506 		29.6684 		19.4457
v 25.9969 		30.5278 		11.8187
v 26.8247 		30.5381 		11.7274
v 26.7596 		30.6036 		11.1459
v 27.7002 		30.6971 		10.3162
v 30.2024 		30.802 		9.385
v 42 		30.89 		8.6045
v 34.7653 		31.6989 		1.4249
v 30.0725 		31.2325 		5.5644
v 23.4162 		31.6976 		1.436
v 15.6768 		30.3996 		12.9566
v 21.8146 		30.4758 		12.2798
v 21.674 		30.4444 		12.5587
v 22.4859 		30.4785 		12.2566
v 16.0501 		29.8388 		17.9338
v 17.3506 		28.7192 		19.4457
v 25.9969 		27.8599 		11.8187
v 26.8247 		27.8496 		11.7274
v 26.7596 		27.7841 		11.1459
v 27.7002 		27.6906 		10.3162
v 30.2024 		27.5856 		9.385
v 42 		27.4977 		8.6045
v 34.7653 		26.6888 		1.4249
v 30.0725 		27.1552 		5.5644
v 23.4162 		26.69 		1.436
v 15.6768 		27.9881 		12.9566
v 21.8146 		27.9118 		12.2798
v 21.674 		27.9432 		12.5587
v 22.4859 		27.9092 		12.2566
v 16.0501 		28.5489 		17.9338
v 17.3506 		27.7938 		19.6569
v 25.9969 		25.2588 		12.4124
v 26.8247 		25.2285 		12.3257
v 26.7596 		25.0352 		11.7733
v 27.7002 		24.7594 		10.9852
v 30.2024 		24.4499 		10.1007
v 42 		24.1905 		9.3593
v 34.7653 		21.8042 		2.5397
v 30.0725 		23.1801 		6.4717
v 23.4162 		21.8079 		2.5503
v 15.6768 		25.637 		13.4932
v 21.8146 		25.4121 		12.8504
v 21.674 		25.5048 		13.1153
v 22.4859 		25.4043 		12.8283
v 16.0501 		27.2913 		18.2208
v 17.3506 		26.9386 		20.0688
v 25.9969 		22.8551 		13.5699
v 26.8247 		22.8062 		13.4922
v 26.7596 		22.4949 		12.9967
v 27.7002 		22.0506 		12.2897
v 30.2024 		21.5521 		11.4962
v 42 		21.1342 		10.8312
v 34.7653 		17.2902 		4.7136
v 30.0725 		19.5065 		8.2408
v 23.4162 		17.2962 		4.723
v 15.6768 		23.4643 		14.5395
v 21.8146 		23.102 		13.9629
v 21.674 		23.2513 		14.2005
v 22.4859 		23.0895 		13.9431
v 16.0501 		26.1291 		18.7805
v 17.3506 		26.1964 		20.6606
v 25.9969 		20.7692 		15.2334
v 26.8247 		20.7042 		15.1684
v 26.7596 		20.2904 		14.7546
v 27.7002 		19.7 		14.1642
v 30.2024 		19.0374 		13.5016
v 42 		18.482 		12.9462
v 34.7653 		13.3731 		7.8373
v 30.0725 		16.3188 		10.783
v 23.4162 		13.381 		7.8452
v 15.6768 		21.5789 		16.0431
v 21.8146 		21.0973 		15.5615
v 21.674 		21.2958 		15.76
v 22.4859 		21.0808 		15.545
v 16.0501 		25.1206 		19.5847
v 17.3506 		25.6046 		21.4027
v 25.9969 		19.1058 		17.3193
v 26.8247 		19.028 		17.2704
v 26.7596 		18.5325 		16.959
v 27.7002 		17.8255 		16.5148
v 30.2024 		17.032 		16.0162
v 42 		16.367 		15.5984
v 34.7653 		10.2494 		11.7544
v 30.0725 		13.7766 		13.9707
v 23.4162 		10.2588 		11.7604
v 15.6768 		20.0754 		17.9285
v 21.8146 		19.4987 		17.5662
v 21.674 		19.7363 		17.7155
v 22.4859 		19.4789 		17.5537
v 16.0501 		24.3163 		20.5933
v 17.3506 		25.1927 		22.258
v 25.9969 		17.9482 		19.723
v 26.8247 		17.8615 		19.6927
v 26.7596 		17.3091 		19.4994
v 27.7002 		16.521 		19.2236
v 30.2024 		15.6365 		18.9141
v 42 		14.8951 		18.6547
v 34.7653 		8.0755 		16.2684
v 30.0725 		12.0075 		17.6443
v 23.4162 		8.0861 		16.2721
v 15.6768 		19.029 		20.1012
v 21.8146 		18.3862 		19.8763
v 21.674 		18.6511 		19.969
v 22.4859 		18.3641 		19.8685
v 16.0501 		23.7566 		21.7555
v 17.3506 		24.9815 		23.1834
v 25.9969 		17.3545 		22.324
v 26.8247 		17.2632 		22.3138
v 26.7596 		16.6817 		22.2482
v 27.7002 		15.852 		22.1548
v 30.2024 		14.9208 		22.0498
v 42 		14.1403 		21.9619
v 34.7653 		6.9607 		21.1529
v 30.0725 		11.1002 		21.6194
v 23.4162 		6.9718 		21.1542
v 15.6768 		18.4924 		22.4523
v 21.8146 		17.8156 		22.376
v 21.674 		18.0945 		22.4074
v 22.4859 		17.7924 		22.3734
v 16.0501 		23.4696 		23.013
v 17.3506 		24.9815 		24.1326
v 25.9969 		17.3545 		24.992
v 26.8247 		17.2632 		25.0023
v 26.7596 		16.6817 		25.0678
v 27.7002 		15.852 		25.1613
v 30.2024 		14.9208 		25.2662
v 42 		14.1403 		25.3541
v 34.7653 		6.9607 		26.1631
v 30.0725 		11.1002 		25.6967
v 23.4162 		6.9718 		26.1618
v 15.6768 		18.4924 		24.8638
v 21.8146 		17.8156 		24.94
v 21.674 		18.0945 		24.9086
v 22.4859 		17.7924 		24.9427
v 16.0501 		23.4696 		24.303
v 17.3506 		25.1927 		25.0581
v 25.9969 		17.9482 		27.593
v 26.8247 		17.8615 		27.6234
v 26.7596 		17.3091 		27.8167
v 27.7002 		16.521 		28.0924
v 30.2024 		15.6365 		28.4019
v 42 		14.8951 		28.6614
v 34.7653 		8.0755 		31.0476
v 30.0725 		12.0075 		29.6718
v 23.4162 		8.0861 		31.0439
v 15.6768 		19.029 		27.2148
v 21.8146 		18.3862 		27.4398
v 21.674 		18.6511 		27.3471
v 22.4859 		18.3641 		27.4475
v 16.0501 		23.7566 		25.5606
v 17.3506 		25.6046 		25.9133
v 25.9969 		19.1058 		29.9968
v 26.8247 		19.028 		30.0457
v 26.7596 		18.5325 		30.357
v 27.7002 		17.8255 		30.8012
v 30.2024 		17.032 		31.2998
v 42 		16.367 		31.7177
v 34.7653 		10.2494 		35.5616
v 30.0725 		13.7766 		33.3453
v 23.4162 		10.2588 		35.5557
v 15.6768 		20.0754 		29.3875
v 21.8146 		19.4987 		29.7499
v 21.674 		19.7363 		29.6006
v 22.4859 		19.4789 		29.7623
v 16.0501 		24.3163 		26.7228
v 17.3506 		26.1964 		26.6554
v 25.9969 		20.7692 		32.0827
v 26.8247 		20.7042 		32.1476
v 26.7596 		20.2904 		32.5614
v 27.7002 		19.7 		33.1518
v 30.2024 		19.0374 		33.8145
v 42 		18.482 		34.3698
v 34.7653 		13.3731 		39.4787
v 30.0725 		16.3188 		36.5331
v 23.4162 		13.381 		39.4708
v 15.6768 		21.5789 		31.2729
v 21.8146 		21.0973 		31.7545
v 21.674 		21.2958 		31.5561
v 22.4859 		21.0808 		31.7711
v 16.0501 		25.1206 		27.7313
v 17.3506 		26.9386 		27.2473
v 25.9969 		22.8551 		33.7461
v 26.8247 		22.8062 		33.8239
v 26.7596 		22.4949 		34.3194
v 27.7002 		22.0506 		35.0264
v 30.2024 		21.5521 		35.8198
v 42 		21.1342 		36.4849
v 34.7653 		17.2902 		42.6025
v 30.0725 		19.5065 		39.0752
v 23.4162 		17.2962 		42.593
v 15.6768 		23.4643 		32.7765
v 21.8146 		23.102 		33.3532
v 21.674 		23.2513 		33.1155
v 22.4859 		23.0895 		33.373
v 16.0501 		26.1291 		28.5356
v 17.3506 		27.7938 		27.6591
v 25.9969 		25.2588 		34.9037
v 26.8247 		25.2285 		34.9904
v 26.7596 		25.0352 		35.5427
v 27.7002 		24.7594 		36.3309
v 30.2024 		24.4499 		37.2154
v 42 		24.1905 		37.9567
v 34.7653 		21.8042 		44.7763
v 30.0725 		23.1801 		40.8443
v 23.4162 		21.8079 		44.7658
v 15.6768 		25.637 		33.8228
v 21.8146 		25.4121 		34.4657
v 21.674 		25.5048 		34.2007
v 22.4859 		25.4043 		34.4877
v 16.0501 		27.2913 		29.0952
v 17.3506 		28.7192 		27.8703
v 25.9969 		27.8599 		35.4973
v 26.8247 		27.8496 		35.5886
v 26.7596 		27.7841 		36.1701
v 27.7002 		27.6906 		36.9999
v 30.2024 		27.5856 		37.9311
v 42 		27.4977 		38.7116
v 34.7653 		26.6888 		45.8912
v 30.0725 		27.1552 		41.7516
v 23.4162 		26.69 		45.8801
v 15.6768 		27.9881 		34.3594
v 21.8146 		27.9118 		35.0362
v 21.674 		27.9432 		34.7573
v 22.4859 		27.9092 		35.0594
v 16.0501 		28.5489 		29.3823
v 17.3506 		29.6684 		27.8703
v 25.9969 		30.5278 		35.4973
v 26.8247 		30.5381 		35.5886
v 26.7596 		30.6036 		36.1701
v 27.7002 		30.6971 		36.9999
v 30.2024 		30.802 		37.9311
v 42 		30.89 		38.7116
v 34.7653 		31.6989 		45.8912
v 30.0725 		31.2325 		41.7516
v 23.4162 		31.6976 		45.8801
v 15.6768 		30.3996 		34.3594
v 21.8146 		30.4758 		35.0362
v 21.674 		30.4444 		34.7573
v 22.4859 		30.4785 		35.0594
v 16.0501 		29.8388 		29.3823
v 17.3506 		30.5939 		27.6591
v 25.9969 		33.1289 		34.9037
v 26.8247 		33.1592 		34.9904
v 26.7596 		33.3525 		35.5427
v 27.7002 		33.6282 		36.3309
v 30.2024 		33.9377 		37.2154
v 42 		34.1972 		37.9567
v 34.7653 		36.5834 		44.7763
v 30.0725 		35.2076 		40.8443
v 23.4162 		36.5797 		44.7658
v 15.6768 		32.7506 		33.8228
v 21.8146 		32.9756 		34.4657
v 21.674 		32.8829 		34.2007
v 22.4859 		32.9833 		34.4877
v 16.0501 		31.0964 		29.0952
v 17.3506 		31.4491 		27.2473
v 25.9969 		35.5326 		33.7461
v 26.8247 		35.5815 		33.8239
v 26.7596 		35.8928 		34.3194
v 27.7002 		36.337 		35.0264
v 30.2024 		36.8356 		35.8198
v 42 		37.2535 		36.4849
v 34.7653 		41.0974 		42.6025
v 30.0725 		38.8811 		39.0752
v 23.4162 		41.0915 		42.593
v 15.6768 		34.9233 		32.7765
v 21.8146 		35.2857 		33.3532
v 21.674 		35.1364 		33.1155
v 22.4859 		35.2981 		33.373
v 16.0501 		32.2586 		28.5356
v 34.6844 		43.0716 		37.5358
v 34.6844 		45.8118 		34.0998
v 37.4631 		41.1094 		35.5736
v 37.4631 		43.4621 		32.6234
v 32.7492 		40.8875 		35.3517
v 32.7492 		43.1964 		32.4564
v 31.8424 		41.2877 		35.7519
v 31.8424 		43.6756 		32.7575
v 34.6844 		47.7186 		30.1401
v 37.4631 		45.0994 		29.2236
v 32.7492 		44.8032 		29.12
v 31.8424 		45.3374 		29.3069
v 34.6844 		48.6966 		25.8555
v 37.4631 		45.9391 		25.5448
v 32.7492 		45.6272 		25.5096
v 31.8424 		46.1896 		25.573
v 34.6844 		48.6966 		21.4606
v 37.4631 		45.9391 		21.7713
v 32.7492 		45.6272 		21.8064
v 31.8424 		46.1896 		21.7431
v 34.6844 		47.7186 		17.1759
v 37.4631 		45.0994 		18.0924
v 32.7492 		44.8032 		18.1961
v 31.8424 		45.3374 		18.0092
v 34.6844 		45.8118 		13.2163
v 37.4631 		43.4621 		14.6927
v 32.7492 		43.1964 		14.8596
v 31.8424 		43.6756 		14.5585
v 34.6844 		43.0716 		9.7802
v 37.4631 		41.1094 		11.7424
v 32.7492 		40.8875 		11.9643
v 31.8424 		41.2877 		11.5641
v 34.6844 		39.6356 		7.0401
v 37.4631 		38.1592 		9.3897
v 32.7492 		37.9922 		9.6554
v 31.8424 		38.2933 		9.1762
v 34.6844 		35.6759 		5.1332
v 37.4631 		34.7594 		7.7525
v 32.7492 		34.6558 		8.0487
v 31.8424 		34.8427 		7.5145
v 34.6844 		31.3913 		4.1553
v 37.4631 		31.0806 		6.9128
v 32.7492 		31.0454 		7.2246
v 31.8424 		31.1088 		6.6622
v 34.6844 		26.9964 		4.1553
v 37.4631 		27.3071 		6.9128
v 32.7492 		27.3422 		7.2246
v 31.8424 		27.2789 		6.6622
v 34.6844 		22.7117 		5.1332
v 37.4631 		23.6282 		7.7525
v 32.7492 		23.7319 		8.0487
v 31.8424 		23.545 		7.5145
v 34.6844 		18.7521 		7.0401
v 37.4631 		20.2285 		9.3897
v 32.7492 		20.3954 		9.6554
v 31.8424 		20.0943 		9.1762
v 34.6844 		15.316 		9.7802
v 37.4631 		17.2782 		11.7424
v 32.7492 		17.5001 		11.9643
v 31.8424 		17.1 		11.5641
v 34.6844 		12.5759 		13.2163
v 37.4631 		14.9255 		14.6927
v 32.7492 		15.1912 		14.8596
v 31.8424 		14.712 		14.5585
v 34.6844 		10.669 		17.1759
v 37.4631 		13.2883 		18.0924
v 32.7492 		13.5845 		18.1961
v 31.8424 		13.0503 		18.0092
v 34.6844 		9.6911 		21.4606
v 37.4631 		12.4486 		21.7713
v 32.7492 		12.7605 		21.8064
v 31.8424 		12.198 		21.7431
v 34.6844 		9.6911 		25.8555
v 37.4631 		12.4486 		25.5448
v 32.7492 		12.7605 		25.5096
v 31.8424 		12.198 		25.573
v 34.6844 		10.669 		30.1401
v 37.4631 		13.2883 		29.2236
v 32.7492 		13.5845 		29.12
v 31.8424 		13.0503 		29.3069
v 34.6844 		12.5759 		34.0998
v 37.4631 		14.9255 		32.6234
v 32.7492 		15.1912 		32.4564
v 31.8424 		14.712 		32.7575
v 34.6844 		15.316 		37.5358
v 37.4631 		17.2782 		35.5736
v 32.7492 		17.5001 		35.3517
v 31.8424 		17.1 		35.7519
v 34.6844 		18.7521 		40.276
v 37.4631 		20.2285 		37.9263
v 32.7492 		20.3954 		37.6606
v 31.8424 		20.0943 		38.1398
v 34.6844 		22.7117 		42.1828
v 37.4631 		23.6282 		39.5636
v 32.7492 		23.7319 		39.2674
v 31.8424 		23.545 		39.8016
v 34.6844 		26.9964 		43.1608
v 37.4631 		27.3071 		40.4032
v 32.7492 		27.3422 		40.0914
v 31.8424 		27.2789 		40.6538
v 34.6844 		31.3913 		43.1608
v 37.4631 		31.0806 		40.4032
v 32.7492 		31.0454 		40.0914
v 31.8424 		31.1088 		40.6538
v 34.6844 		35.6759 		42.1828
v 37.4631 		34.7594 		39.5636
v 32.7492 		34.6558 		39.2674
v 31.8424 		34.8427 		39.8016
v 34.6844 		39.6356 		40.276
v 37.4631 		38.1592 		37.9263
v 32.7492 		37.9922 		37.6606
v 31.8424 		38.2933 		38.1398
v 24.0039 		43.0795 		37.5437
v 24.0039 		45.8212 		34.1057
v 28.5124 		41.0897 		35.5539
v 28.5124 		43.4385 		32.6085
v 27.8207 		40.6555 		35.1197
v 27.8207 		42.9186 		32.2818
v 24.0723 		40.479 		34.9432
v 24.0723 		42.7073 		32.1491
v 22.8813 		38.7969 		33.2611
v 22.8813 		40.6931 		30.8835
v 19.7271 		38.5495 		33.0136
v 19.7271 		40.3967 		30.6973
v 24.0039 		47.7292 		30.1438
v 28.5124 		45.073 		29.2144
v 27.8207 		44.4934 		29.0116
v 24.0723 		44.2579 		28.9292
v 22.8813 		42.0126 		28.1435
v 19.7271 		41.6822 		28.0279
v 24.0039 		48.7077 		25.8567
v 28.5124 		45.9113 		25.5416
v 27.8207 		45.3011 		25.4729
v 24.0723 		45.0531 		25.4449
v 22.8813 		42.6893 		25.1786
v 19.7271 		42.3415 		25.1394
v 24.0039 		48.7077 		21.4593
v 28.5124 		45.9113 		21.7744
v 27.8207 		45.3011 		21.8432
v 24.0723 		45.0531 		21.8711
v 22.8813 		42.6893 		22.1374
v 19.7271 		42.3415 		22.1766
v 24.0039 		47.7292 		17.1722
v 28.5124 		45.073 		18.1016
v 27.8207 		44.4934 		18.3044
v 24.0723 		44.2579 		18.3869
v 22.8813 		42.0126 		19.1725
v 19.7271 		41.6822 		19.2881
v 24.0039 		45.8212 		13.2103
v 28.5124 		43.4385 		14.7075
v 27.8207 		42.9186 		15.0342
v 24.0723 		42.7073 		15.167
v 22.8813 		40.6931 		16.4326
v 19.7271 		40.3967 		16.6188
v 24.0039 		43.0795 		9.7723
v 28.5124 		41.0897 		11.7622
v 27.8207 		40.6555 		12.1964
v 24.0723 		40.479 		12.3728
v 22.8813 		38.7969 		14.0549
v 19.7271 		38.5495 		14.3024
v 24.0039 		39.6415 		7.0306
v 28.5124 		38.1443 		9.4133
v 27.8207 		37.8177 		9.9333
v 24.0723 		37.6849 		10.1446
v 22.8813 		36.4193 		12.1588
v 19.7271 		36.2331 		12.4551
v 24.0039 		35.6796 		5.1227
v 28.5124 		34.7502 		7.7788
v 27.8207 		34.5474 		8.3584
v 24.0723 		34.465 		8.594
v 22.8813 		33.6793 		10.8393
v 19.7271 		33.5637 		11.1696
v 24.0039 		31.3925 		4.1442
v 28.5124 		31.0774 		6.9405
v 27.8207 		31.0087 		7.5507
v 24.0723 		30.9807 		7.7987
v 22.8813 		30.7144 		10.1626
v 19.7271 		30.6752 		10.5104
v 24.0039 		26.9951 		4.1442
v 28.5124 		27.3102 		6.9405
v 27.8207 		27.379 		7.5507
v 24.0723 		27.4069 		7.7987
v 22.8813 		27.6733 		10.1626
v 19.7271 		27.7124 		10.5104
v 24.0039 		22.708 		5.1227
v 28.5124 		23.6375 		7.7788
v 27.8207 		23.8403 		8.3584
v 24.0723 		23.9227 		8.594
v 22.8813 		24.7084 		10.8393
v 19.7271 		24.824 		11.1696
v 24.0039 		18.7461 		7.0306
v 28.5124 		20.2433 		9.4133
v 27.8207 		20.57 		9.9333
v 24.0723 		20.7028 		10.1446
v 22.8813 		21.9684 		12.1588
v 19.7271 		22.1546 		12.4551
v 24.0039 		15.3081 		9.7723
v 28.5124 		17.298 		11.7622
v 27.8207 		17.7322 		12.1964
v 24.0723 		17.9086 		12.3728
v 22.8813 		19.5907 		14.0549
v 19.7271 		19.8382 		14.3024
v 24.0039 		12.5664 		13.2103
v 28.5124 		14.9492 		14.7075
v 27.8207 		15.4691 		15.0342
v 24.0723 		15.6804 		15.167
v 22.8813 		17.6946 		16.4326
v 19.7271 		17.9909 		16.6188
v 24.0039 		10.6585 		17.1722
v 28.5124 		13.3146 		18.1016
v 27.8207 		13.8942 		18.3044
v 24.0723 		14.1298 		18.3869
v 22.8813 		16.3751 		19.1725
v 19.7271 		16.7054 		19.2881
v 24.0039 		9.68 		21.4593
v 28.5124 		12.4763 		21.7744
v 27.8207 		13.0865 		21.8432
v 24.0723 		13.3345 		21.8711
v 22.8813 		15.6984 		22.1374
v 19.7271 		16.0462 		22.1766
v 24.0039 		9.68 		25.8567
v 28.5124 		12.4763 		25.5416
v 27.8207 		13.0865 		25.4729
v 24.0723 		13.3345 		25.4449
v 22.8813 		15.6984 		25.1786
v 19.7271 		16.0462 		25.1394
v 24.0039 		10.6585 		30.1438
v 28.5124 		13.3146 		29.2144
v 27.8207 		13.8942 		29.0116
v 24.0723 		14.1298 		28.9292
v 22.8813 		16.3751 		28.1435
v 19.7271 		16.7054 		28.0279
v 24.0039 		12.5664 		34.1057
v 28.5124 		14.9492 		32.6085
v 27.8207 		15.4691 		32.2818
v 24.0723 		15.6804 		32.1491
v 22.8813 		17.6946 		30.8835
v 19.7271 		17.9909 		30.6973
v 24.0039 		15.3081 		37.5437
v 28.5124 		17.298 		35.5539
v 27.8207 		17.7322 		35.1197
v 24.0723 		17.9086 		34.9432
v 22.8813 		19.5907 		33.2611
v 19.7271 		19.8382 		33.0136
v 24.0039 		18.7461 		40.2854
v 28.5124 		20.2433 		37.9027
v 27.8207 		20.57 		37.3828
v 24.0723 		20.7028 		37.1715
v 22.8813 		21.9684 		35.1573
v 19.7271 		22.1546 		34.8609
v 24.0039 		22.708 		42.1934
v 28.5124 		23.6375 		39.5372
v 27.8207 		23.8403 		38.9576
v 24.0723 		23.9227 		38.7221
v 22.8813 		24.7084 		36.4768
v 19.7271 		24.824 		36.1464
v 24.0039 		26.9951 		43.1719
v 28.5124 		27.3102 		40.3755
v 27.8207 		27.379 		39.7653
v 24.0723 		27.4069 		39.5173
v 22.8813 		27.6733 		37.1535
v 19.7271 		27.7124 		36.8057
v 24.0039 		31.3925 		43.1719
v 28.5124 		31.0774 		40.3755
v 27.8207 		31.0087 		39.7653
v 24.0723 		30.9807 		39.5173
v 22.8813 		30.7144 		37.1535
v 19.7271 		30.6752 		36.8057
v 24.0039 		35.6796 		42.1934
v 28.5124 		34.7502 		39.5372
v 27.8207 		34.5474 		38.9576
v 24.0723 		34.465 		38.7221
v 22.8813 		33.6793 		36.4768
v 19.7271 		33.5637 		36.1464
v 24.0039 		39.6415 		40.2854
v 28.5124 		38.1443 		37.9027
v 27.8207 		37.8177 		37.3828
v 24.0723 		37.6849 		37.1715
v 22.8813 		36.4193 		35.1573
v 19.7271 		36.2331 		34.8609
# 702 vertices

g group_3_40919

usemtl color_40919
s 0

f 995 	996 	997
f 996 	998 	997
f 997 	998 	999
f 998 	1000 	999
f 999 	1000 	1001
f 1000 	1002 	1001
f 1001 	1002 	1003
f 1002 	1004 	1003
f 1003 	1004 	1005
f 1004 	1006 	1005
f 1005 	1006 	1007
f 1006 	1008 	1007
f 1007 	1008 	1009
f 1008 	1010 	1009
f 1009 	1010 	1011
f 1010 	1012 	1011
f 1011 	1012 	1013
f 1012 	1014 	1013
f 1013 	1014 	1015
f 1014 	1016 	1015
f 1015 	1016 	1017
f 1016 	1018 	1017
f 1017 	1018 	1019
f 1018 	1020 	1019
f 1019 	1020 	1021
f 1020 	1022 	1021
f 1021 	1022 	1023
f 1022 	1024 	1023
f 1023 	1024 	1025
f 1026 	996 	995
f 996 	1027 	998
f 1027 	1028 	998
f 998 	1028 	1000
f 1028 	1029 	1000
f 1000 	1029 	1002
f 1029 	1030 	1002
f 1002 	1030 	1004
f 1030 	1031 	1004
f 1004 	1031 	1006
f 1031 	1032 	1006
f 1006 	1032 	1008
f 1032 	1033 	1008
f 1008 	1033 	1010
f 1033 	1034 	1010
f 1010 	1034 	1012
f 1034 	1035 	1012
f 1012 	1035 	1014
f 1035 	1036 	1014
f 1014 	1036 	1016
f 1036 	1037 	1016
f 1016 	1037 	1018
f 1037 	1038 	1018
f 1018 	1038 	1020
f 1038 	1039 	1020
f 1020 	1039 	1022
f 1039 	1040 	1022
f 1022 	1040 	1024
f 1040 	1041 	1024
f 1024 	1041 	1025
f 1026 	1027 	996
f 1027 	1042 	1028
f 1042 	1043 	1028
f 1028 	1043 	1029
f 1043 	1044 	1029
f 1029 	1044 	1030
f 1044 	1045 	1030
f 1030 	1045 	1031
f 1045 	1046 	1031
f 1031 	1046 	1032
f 1046 	1047 	1032
f 1032 	1047 	1033
f 1047 	1048 	1033
f 1033 	1048 	1034
f 1048 	1049 	1034
f 1034 	1049 	1035
f 1049 	1050 	1035
f 1035 	1050 	1036
f 1050 	1051 	1036
f 1036 	1051 	1037
f 1051 	1052 	1037
f 1037 	1052 	1038
f 1052 	1053 	1038
f 1038 	1053 	1039
f 1053 	1054 	1039
f 1039 	1054 	1040
f 1054 	1055 	1040
f 1040 	1055 	1041
f 1055 	1056 	1041
f 1041 	1056 	1025
f 1026 	1042 	1027
f 1042 	1057 	1043
f 1057 	1058 	1043
f 1043 	1058 	1044
f 1058 	1059 	1044
f 1044 	1059 	1045
f 1059 	1060 	1045
f 1045 	1060 	1046
f 1060 	1061 	1046
f 1046 	1061 	1047
f 1061 	1062 	1047
f 1047 	1062 	1048
f 1062 	1063 	1048
f 1048 	1063 	1049
f 1063 	1064 	1049
f 1049 	1064 	1050
f 1064 	1065 	1050
f 1050 	1065 	1051
f 1065 	1066 	1051
f 1051 	1066 	1052
f 1066 	1067 	1052
f 1052 	1067 	1053
f 1067 	1068 	1053
f 1053 	1068 	1054
f 1068 	1069 	1054
f 1054 	1069 	1055
f 1069 	1070 	1055
f 1055 	1070 	1056
f 1070 	1071 	1056
f 1056 	1071 	1025
f 1026 	1057 	1042
f 1057 	1072 	1058
f 1072 	1073 	1058
f 1058 	1073 	1059
f 1073 	1074 	1059
f 1059 	1074 	1060
f 1074 	1075 	1060
f 1060 	1075 	1061
f 1075 	1076 	1061
f 1061 	1076 	1062
f 1076 	1077 	1062
f 1062 	1077 	1063
f 1077 	1078 	1063
f 1063 	1078 	1064
f 1078 	1079 	1064
f 1064 	1079 	1065
f 1079 	1080 	1065
f 1065 	1080 	1066
f 1080 	1081 	1066
f 1066 	1081 	1067
f 1081 	1082 	1067
f 1067 	1082 	1068
f 1082 	1083 	1068
f 1068 	1083 	1069
f 1083 	1084 	1069
f 1069 	1084 	1070
f 1084 	1085 	1070
f 1070 	1085 	1071
f 1085 	1086 	1071
f 1071 	1086 	1025
f 1026 	1072 	1057
f 1072 	1087 	1073
f 1087 	1088 	1073
f 1073 	1088 	1074
f 1088 	1089 	1074
f 1074 	1089 	1075
f 1089 	1090 	1075
f 1075 	1090 	1076
f 1090 	1091 	1076
f 1076 	1091 	1077
f 1091 	1092 	1077
f 1077 	1092 	1078
f 1092 	1093 	1078
f 1078 	1093 	1079
f 1093 	1094 	1079
f 1079 	1094 	1080
f 1094 	1095 	1080
f 1080 	1095 	1081
f 1095 	1096 	1081
f 1081 	1096 	1082
f 1096 	1097 	1082
f 1082 	1097 	1083
f 1097 	1098 	1083
f 1083 	1098 	1084
f 1098 	1099 	1084
f 1084 	1099 	1085
f 1099 	1100 	1085
f 1085 	1100 	1086
f 1100 	1101 	1086
f 1086 	1101 	1025
f 1026 	1087 	1072
f 1087 	1102 	1088
f 1102 	1103 	1088
f 1088 	1103 	1089
f 1103 	1104 	1089
f 1089 	1104 	1090
f 1104 	1105 	1090
f 1090 	1105 	1091
f 1105 	1106 	1091
f 1091 	1106 	1092
f 1106 	1107 	1092
f 1092 	1107 	1093
f 1107 	1108 	1093
f 1093 	1108 	1094
f 1108 	1109 	1094
f 1094 	1109 	1095
f 1109 	1110 	1095
f 1095 	1110 	1096
f 1110 	1111 	1096
f 1096 	1111 	1097
f 1111 	1112 	1097
f 1097 	1112 	1098
f 1112 	1113 	1098
f 1098 	1113 	1099
f 1113 	1114 	1099
f 1099 	1114 	1100
f 1114 	1115 	1100
f 1100 	1115 	1101
f 1115 	1116 	1101
f 1101 	1116 	1025
f 1026 	1102 	1087
f 1102 	1117 	1103
f 1117 	1118 	1103
f 1103 	1118 	1104
f 1118 	1119 	1104
f 1104 	1119 	1105
f 1119 	1120 	1105
f 1105 	1120 	1106
f 1120 	1121 	1106
f 1106 	1121 	1107
f 1121 	1122 	1107
f 1107 	1122 	1108
f 1122 	1123 	1108
f 1108 	1123 	1109
f 1123 	1124 	1109
f 1109 	1124 	1110
f 1124 	1125 	1110
f 1110 	1125 	1111
f 1125 	1126 	1111
f 1111 	1126 	1112
f 1126 	1127 	1112
f 1112 	1127 	1113
f 1127 	1128 	1113
f 1113 	1128 	1114
f 1128 	1129 	1114
f 1114 	1129 	1115
f 1129 	1130 	1115
f 1115 	1130 	1116
f 1130 	1131 	1116
f 1116 	1131 	1025
f 1026 	1117 	1102
f 1117 	1132 	1118
f 1132 	1133 	1118
f 1118 	1133 	1119
f 1133 	1134 	1119
f 1119 	1134 	1120
f 1134 	1135 	1120
f 1120 	1135 	1121
f 1135 	1136 	1121
f 1121 	1136 	1122
f 1136 	1137 	1122
f 1122 	1137 	1123
f 1137 	1138 	1123
f 1123 	1138 	1124
f 1138 	1139 	1124
f 1124 	1139 	1125
f 1139 	1140 	1125
f 1125 	1140 	1126
f 1140 	1141 	1126
f 1126 	1141 	1127
f 1141 	1142 	1127
f 1127 	1142 	1128
f 1142 	1143 	1128
f 1128 	1143 	1129
f 1143 	1144 	1129
f 1129 	1144 	1130
f 1144 	1145 	1130
f 1130 	1145 	1131
f 1145 	1146 	1131
f 1131 	1146 	1025
f 1026 	1132 	1117
f 1132 	1147 	1133
f 1147 	1148 	1133
f 1133 	1148 	1134
f 1148 	1149 	1134
f 1134 	1149 	1135
f 1149 	1150 	1135
f 1135 	1150 	1136
f 1150 	1151 	1136
f 1136 	1151 	1137
f 1151 	1152 	1137
f 1137 	1152 	1138
f 1152 	1153 	1138
f 1138 	1153 	1139
f 1153 	1154 	1139
f 1139 	1154 	1140
f 1154 	1155 	1140
f 1140 	1155 	1141
f 1155 	1156 	1141
f 1141 	1156 	1142
f 1156 	1157 	1142
f 1142 	1157 	1143
f 1157 	1158 	1143
f 1143 	1158 	1144
f 1158 	1159 	1144
f 1144 	1159 	1145
f 1159 	1160 	1145
f 1145 	1160 	1146
f 1160 	1161 	1146
f 1146 	1161 	1025
f 1026 	1147 	1132
f 1147 	1162 	1148
f 1162 	1163 	1148
f 1148 	1163 	1149
f 1163 	1164 	1149
f 1149 	1164 	1150
f 1164 	1165 	1150
f 1150 	1165 	1151
f 1165 	1166 	1151
f 1151 	1166 	1152
f 1166 	1167 	1152
f 1152 	1167 	1153
f 1167 	1168 	1153
f 1153 	1168 	1154
f 1168 	1169 	1154
f 1154 	1169 	1155
f 1169 	1170 	1155
f 1155 	1170 	1156
f 1170 	1171 	1156
f 1156 	1171 	1157
f 1171 	1172 	1157
f 1157 	1172 	1158
f 1172 	1173 	1158
f 1158 	1173 	1159
f 1173 	1174 	1159
f 1159 	1174 	1160
f 1174 	1175 	1160
f 1160 	1175 	1161
f 1175 	1176 	1161
f 1161 	1176 	1025
f 1026 	1162 	1147
f 1162 	1177 	1163
f 1177 	1178 	1163
f 1163 	1178 	1164
f 1178 	1179 	1164
f 1164 	1179 	1165
f 1179 	1180 	1165
f 1165 	1180 	1166
f 1180 	1181 	1166
f 1166 	1181 	1167
f 1181 	1182 	1167
f 1167 	1182 	1168
f 1182 	1183 	1168
f 1168 	1183 	1169
f 1183 	1184 	1169
f 1169 	1184 	1170
f 1184 	1185 	1170
f 1170 	1185 	1171
f 1185 	1186 	1171
f 1171 	1186 	1172
f 1186 	1187 	1172
f 1172 	1187 	1173
f 1187 	1188 	1173
f 1173 	1188 	1174
f 1188 	1189 	1174
f 1174 	1189 	1175
f 1189 	1190 	1175
f 1175 	1190 	1176
f 1190 	1191 	1176
f 1176 	1191 	1025
f 1026 	1177 	1162
f 1177 	1192 	1178
f 1192 	1193 	1178
f 1178 	1193 	1179
f 1193 	1194 	1179
f 1179 	1194 	1180
f 1194 	1195 	1180
f 1180 	1195 	1181
f 1195 	1196 	1181
f 1181 	1196 	1182
f 1196 	1197 	1182
f 1182 	1197 	1183
f 1197 	1198 	1183
f 1183 	1198 	1184
f 1198 	1199 	1184
f 1184 	1199 	1185
f 1199 	1200 	1185
f 1185 	1200 	1186
f 1200 	1201 	1186
f 1186 	1201 	1187
f 1201 	1202 	1187
f 1187 	1202 	1188
f 1202 	1203 	1188
f 1188 	1203 	1189
f 1203 	1204 	1189
f 1189 	1204 	1190
f 1204 	1205 	1190
f 1190 	1205 	1191
f 1205 	1206 	1191
f 1191 	1206 	1025
f 1026 	1192 	1177
f 1192 	1207 	1193
f 1207 	1208 	1193
f 1193 	1208 	1194
f 1208 	1209 	1194
f 1194 	1209 	1195
f 1209 	1210 	1195
f 1195 	1210 	1196
f 1210 	1211 	1196
f 1196 	1211 	1197
f 1211 	1212 	1197
f 1197 	1212 	1198
f 1212 	1213 	1198
f 1198 	1213 	1199
f 1213 	1214 	1199
f 1199 	1214 	1200
f 1214 	1215 	1200
f 1200 	1215 	1201
f 1215 	1216 	1201
f 1201 	1216 	1202
f 1216 	1217 	1202
f 1202 	1217 	1203
f 1217 	1218 	1203
f 1203 	1218 	1204
f 1218 	1219 	1204
f 1204 	1219 	1205
f 1219 	1220 	1205
f 1205 	1220 	1206
f 1220 	1221 	1206
f 1206 	1221 	1025
f 1026 	1207 	1192
f 1207 	1222 	1208
f 1222 	1223 	1208
f 1208 	1223 	1209
f 1223 	1224 	1209
f 1209 	1224 	1210
f 1224 	1225 	1210
f 1210 	1225 	1211
f 1225 	1226 	1211
f 1211 	1226 	1212
f 1226 	1227 	1212
f 1212 	1227 	1213
f 1227 	1228 	1213
f 1213 	1228 	1214
f 1228 	1229 	1214
f 1214 	1229 	1215
f 1229 	1230 	1215
f 1215 	1230 	1216
f 1230 	1231 	1216
f 1216 	1231 	1217
f 1231 	1232 	1217
f 1217 	1232 	1218
f 1232 	1233 	1218
f 1218 	1233 	1219
f 1233 	1234 	1219
f 1219 	1234 	1220
f 1234 	1235 	1220
f 1220 	1235 	1221
f 1235 	1236 	1221
f 1221 	1236 	1025
f 1026 	1222 	1207
f 1222 	1237 	1223
f 1237 	1238 	1223
f 1223 	1238 	1224
f 1238 	1239 	1224
f 1224 	1239 	1225
f 1239 	1240 	1225
f 1225 	1240 	1226
f 1240 	1241 	1226
f 1226 	1241 	1227
f 1241 	1242 	1227
f 1227 	1242 	1228
f 1242 	1243 	1228
f 1228 	1243 	1229
f 1243 	1244 	1229
f 1229 	1244 	1230
f 1244 	1245 	1230
f 1230 	1245 	1231
f 1245 	1246 	1231
f 1231 	1246 	1232
f 1246 	1247 	1232
f 1232 	1247 	1233
f 1247 	1248 	1233
f 1233 	1248 	1234
f 1248 	1249 	1234
f 1234 	1249 	1235
f 1249 	1250 	1235
f 1235 	1250 	1236
f 1250 	1251 	1236
f 1236 	1251 	1025
f 1026 	1237 	1222
f 1237 	1252 	1238
f 1252 	1253 	1238
f 1238 	1253 	1239
f 1253 	1254 	1239
f 1239 	1254 	1240
f 1254 	1255 	1240
f 1240 	1255 	1241
f 1255 	1256 	1241
f 1241 	1256 	1242
f 1256 	1257 	1242
f 1242 	1257 	1243
f 1257 	1258 	1243
f 1243 	1258 	1244
f 1258 	1259 	1244
f 1244 	1259 	1245
f 1259 	1260 	1245
f 1245 	1260 	1246
f 1260 	1261 	1246
f 1246 	1261 	1247
f 1261 	1262 	1247
f 1247 	1262 	1248
f 1262 	1263 	1248
f 1248 	1263 	1249
f 1263 	1264 	1249
f 1249 	1264 	1250
f 1264 	1265 	1250
f 1250 	1265 	1251
f 1265 	1266 	1251
f 1251 	1266 	1025
f 1026 	1252 	1237
f 1252 	1267 	1253
f 1267 	1268 	1253
f 1253 	1268 	1254
f 1268 	1269 	1254
f 1254 	1269 	1255
f 1269 	1270 	1255
f 1255 	1270 	1256
f 1270 	1271 	1256
f 1256 	1271 	1257
f 1271 	1272 	1257
f 1257 	1272 	1258
f 1272 	1273 	1258
f 1258 	1273 	1259
f 1273 	1274 	1259
f 1259 	1274 	1260
f 1274 	1275 	1260
f 1260 	1275 	1261
f 1275 	1276 	1261
f 1261 	1276 	1262
f 1276 	1277 	1262
f 1262 	1277 	1263
f 1277 	1278 	1263
f 1263 	1278 	1264
f 1278 	1279 	1264
f 1264 	1279 	1265
f 1279 	1280 	1265
f 1265 	1280 	1266
f 1280 	1281 	1266
f 1266 	1281 	1025
f 1026 	1267 	1252
f 1267 	1282 	1268
f 1282 	1283 	1268
f 1268 	1283 	1269
f 1283 	1284 	1269
f 1269 	1284 	1270
f 1284 	1285 	1270
f 1270 	1285 	1271
f 1285 	1286 	1271
f 1271 	1286 	1272
f 1286 	1287 	1272
f 1272 	1287 	1273
f 1287 	1288 	1273
f 1273 	1288 	1274
f 1288 	1289 	1274
f 1274 	1289 	1275
f 1289 	1290 	1275
f 1275 	1290 	1276
f 1290 	1291 	1276
f 1276 	1291 	1277
f 1291 	1292 	1277
f 1277 	1292 	1278
f 1292 	1293 	1278
f 1278 	1293 	1279
f 1293 	1294 	1279
f 1279 	1294 	1280
f 1294 	1295 	1280
f 1280 	1295 	1281
f 1295 	1296 	1281
f 1281 	1296 	1025
f 1026 	1282 	1267
f 1282 	1297 	1283
f 1297 	1298 	1283
f 1283 	1298 	1284
f 1298 	1299 	1284
f 1284 	1299 	1285
f 1299 	1300 	1285
f 1285 	1300 	1286
f 1300 	1301 	1286
f 1286 	1301 	1287
f 1301 	1302 	1287
f 1287 	1302 	1288
f 1302 	1303 	1288
f 1288 	1303 	1289
f 1303 	1304 	1289
f 1289 	1304 	1290
f 1304 	1305 	1290
f 1290 	1305 	1291
f 1305 	1306 	1291
f 1291 	1306 	1292
f 1306 	1307 	1292
f 1292 	1307 	1293
f 1307 	1308 	1293
f 1293 	1308 	1294
f 1308 	1309 	1294
f 1294 	1309 	1295
f 1309 	1310 	1295
f 1295 	1310 	1296
f 1310 	1311 	1296
f 1296 	1311 	1025
f 1026 	1297 	1282
f 1297 	1312 	1298
f 1312 	1313 	1298
f 1298 	1313 	1299
f 1313 	1314 	1299
f 1299 	1314 	1300
f 1314 	1315 	1300
f 1300 	1315 	1301
f 1315 	1316 	1301
f 1301 	1316 	1302
f 1316 	1317 	1302
f 1302 	1317 	1303
f 1317 	1318 	1303
f 1303 	1318 	1304
f 1318 	1319 	1304
f 1304 	1319 	1305
f 1319 	1320 	1305
f 1305 	1320 	1306
f 1320 	1321 	1306
f 1306 	1321 	1307
f 1321 	1322 	1307
f 1307 	1322 	1308
f 1322 	1323 	1308
f 1308 	1323 	1309
f 1323 	1324 	1309
f 1309 	1324 	1310
f 1324 	1325 	1310
f 1310 	1325 	1311
f 1325 	1326 	1311
f 1311 	1326 	1025
f 1026 	1312 	1297
f 1312 	1327 	1313
f 1327 	1328 	1313
f 1313 	1328 	1314
f 1328 	1329 	1314
f 1314 	1329 	1315
f 1329 	1330 	1315
f 1315 	1330 	1316
f 1330 	1331 	1316
f 1316 	1331 	1317
f 1331 	1332 	1317
f 1317 	1332 	1318
f 1332 	1333 	1318
f 1318 	1333 	1319
f 1333 	1334 	1319
f 1319 	1334 	1320
f 1334 	1335 	1320
f 1320 	1335 	1321
f 1335 	1336 	1321
f 1321 	1336 	1322
f 1336 	1337 	1322
f 1322 	1337 	1323
f 1337 	1338 	1323
f 1323 	1338 	1324
f 1338 	1339 	1324
f 1324 	1339 	1325
f 1339 	1340 	1325
f 1325 	1340 	1326
f 1340 	1341 	1326
f 1326 	1341 	1025
f 1026 	1327 	1312
f 1327 	1342 	1328
f 1342 	1343 	1328
f 1328 	1343 	1329
f 1343 	1344 	1329
f 1329 	1344 	1330
f 1344 	1345 	1330
f 1330 	1345 	1331
f 1345 	1346 	1331
f 1331 	1346 	1332
f 1346 	1347 	1332
f 1332 	1347 	1333
f 1347 	1348 	1333
f 1333 	1348 	1334
f 1348 	1349 	1334
f 1334 	1349 	1335
f 1349 	1350 	1335
f 1335 	1350 	1336
f 1350 	1351 	1336
f 1336 	1351 	1337
f 1351 	1352 	1337
f 1337 	1352 	1338
f 1352 	1353 	1338
f 1338 	1353 	1339
f 1353 	1354 	1339
f 1339 	1354 	1340
f 1354 	1355 	1340
f 1340 	1355 	1341
f 1355 	1356 	1341
f 1341 	1356 	1025
f 1026 	1342 	1327
f 1342 	1357 	1343
f 1357 	1358 	1343
f 1343 	1358 	1344
f 1358 	1359 	1344
f 1344 	1359 	1345
f 1359 	1360 	1345
f 1345 	1360 	1346
f 1360 	1361 	1346
f 1346 	1361 	1347
f 1361 	1362 	1347
f 1347 	1362 	1348
f 1362 	1363 	1348
f 1348 	1363 	1349
f 1363 	1364 	1349
f 1349 	1364 	1350
f 1364 	1365 	1350
f 1350 	1365 	1351
f 1365 	1366 	1351
f 1351 	1366 	1352
f 1366 	1367 	1352
f 1352 	1367 	1353
f 1367 	1368 	1353
f 1353 	1368 	1354
f 1368 	1369 	1354
f 1354 	1369 	1355
f 1369 	1370 	1355
f 1355 	1370 	1356
f 1370 	1371 	1356
f 1356 	1371 	1025
f 1026 	1357 	1342
f 1357 	1372 	1358
f 1372 	1373 	1358
f 1358 	1373 	1359
f 1373 	1374 	1359
f 1359 	1374 	1360
f 1374 	1375 	1360
f 1360 	1375 	1361
f 1375 	1376 	1361
f 1361 	1376 	1362
f 1376 	1377 	1362
f 1362 	1377 	1363
f 1377 	1378 	1363
f 1363 	1378 	1364
f 1378 	1379 	1364
f 1364 	1379 	1365
f 1379 	1380 	1365
f 1365 	1380 	1366
f 1380 	1381 	1366
f 1366 	1381 	1367
f 1381 	1382 	1367
f 1367 	1382 	1368
f 1382 	1383 	1368
f 1368 	1383 	1369
f 1383 	1384 	1369
f 1369 	1384 	1370
f 1384 	1385 	1370
f 1370 	1385 	1371
f 1385 	1386 	1371
f 1371 	1386 	1025
f 1026 	1372 	1357
f 1372 	1387 	1373
f 1387 	1388 	1373
f 1373 	1388 	1374
f 1388 	1389 	1374
f 1374 	1389 	1375
f 1389 	1390 	1375
f 1375 	1390 	1376
f 1390 	1391 	1376
f 1376 	1391 	1377
f 1391 	1392 	1377
f 1377 	1392 	1378
f 1392 	1393 	1378
f 1378 	1393 	1379
f 1393 	1394 	1379
f 1379 	1394 	1380
f 1394 	1395 	1380
f 1380 	1395 	1381
f 1395 	1396 	1381
f 1381 	1396 	1382
f 1396 	1397 	1382
f 1382 	1397 	1383
f 1397 	1398 	1383
f 1383 	1398 	1384
f 1398 	1399 	1384
f 1384 	1399 	1385
f 1399 	1400 	1385
f 1385 	1400 	1386
f 1400 	1401 	1386
f 1386 	1401 	1025
f 1026 	1387 	1372
f 1387 	1402 	1388
f 1402 	1403 	1388
f 1388 	1403 	1389
f 1403 	1404 	1389
f 1389 	1404 	1390
f 1404 	1405 	1390
f 1390 	1405 	1391
f 1405 	1406 	1391
f 1391 	1406 	1392
f 1406 	1407 	1392
f 1392 	1407 	1393
f 1407 	1408 	1393
f 1393 	1408 	1394
f 1408 	1409 	1394
f 1394 	1409 	1395
f 1409 	1410 	1395
f 1395 	1410 	1396
f 1410 	1411 	1396
f 1396 	1411 	1397
f 1411 	1412 	1397
f 1397 	1412 	1398
f 1412 	1413 	1398
f 1398 	1413 	1399
f 1413 	1414 	1399
f 1399 	1414 	1400
f 1414 	1415 	1400
f 1400 	1415 	1401
f 1415 	1416 	1401
f 1401 	1416 	1025
f 1026 	1402 	1387
f 1402 	995 	1403
f 995 	997 	1403
f 1403 	997 	1404
f 997 	999 	1404
f 1404 	999 	1405
f 999 	1001 	1405
f 1405 	1001 	1406
f 1001 	1003 	1406
f 1406 	1003 	1407
f 1003 	1005 	1407
f 1407 	1005 	1408
f 1005 	1007 	1408
f 1408 	1007 	1409
f 1007 	1009 	1409
f 1409 	1009 	1410
f 1009 	1011 	1410
f 1410 	1011 	1411
f 1011 	1013 	1411
f 1411 	1013 	1412
f 1013 	1015 	1412
f 1412 	1015 	1413
f 1015 	1017 	1413
f 1413 	1017 	1414
f 1017 	1019 	1414
f 1414 	1019 	1415
f 1019 	1021 	1415
f 1415 	1021 	1416
f 1021 	1023 	1416
f 1416 	1023 	1025
f 1026 	995 	1402
f 1417 	1418 	1419
f 1418 	1420 	1419
f 1419 	1420 	1421
f 1420 	1422 	1421
f 1421 	1422 	1423
f 1422 	1424 	1423
f 1423 	1424 	1417
f 1424 	1418 	1417
f 1418 	1425 	1420
f 1425 	1426 	1420
f 1420 	1426 	1422
f 1426 	1427 	1422
f 1422 	1427 	1424
f 1427 	1428 	1424
f 1424 	1428 	1418
f 1428 	1425 	1418
f 1425 	1429 	1426
f 1429 	1430 	1426
f 1426 	1430 	1427
f 1430 	1431 	1427
f 1427 	1431 	1428
f 1431 	1432 	1428
f 1428 	1432 	1425
f 1432 	1429 	1425
f 1429 	1433 	1430
f 1433 	1434 	1430
f 1430 	1434 	1431
f 1434 	1435 	1431
f 1431 	1435 	1432
f 1435 	1436 	1432
f 1432 	1436 	1429
f 1436 	1433 	1429
f 1433 	1437 	1434
f 1437 	1438 	1434
f 1434 	1438 	1435
f 1438 	1439 	1435
f 1435 	1439 	1436
f 1439 	1440 	1436
f 1436 	1440 	1433
f 1440 	1437 	1433
f 1437 	1441 	1438
f 1441 	1442 	1438
f 1438 	1442 	1439
f 1442 	1443 	1439
f 1439 	1443 	1440
f 1443 	1444 	1440
f 1440 	1444 	1437
f 1444 	1441 	1437
f 1441 	1445 	1442
f 1445 	1446 	1442
f 1442 	1446 	1443
f 1446 	1447 	1443
f 1443 	1447 	1444
f 1447 	1448 	1444
f 1444 	1448 	1441
f 1448 	1445 	1441
f 1445 	1449 	1446
f 1449 	1450 	1446
f 1446 	1450 	1447
f 1450 	1451 	1447
f 1447 	1451 	1448
f 1451 	1452 	1448
f 1448 	1452 	1445
f 1452 	1449 	1445
f 1449 	1453 	1450
f 1453 	1454 	1450
f 1450 	1454 	1451
f 1454 	1455 	1451
f 1451 	1455 	1452
f 1455 	1456 	1452
f 1452 	1456 	1449
f 1456 	1453 	1449
f 1453 	1457 	1454
f 1457 	1458 	1454
f 1454 	1458 	1455
f 1458 	1459 	1455
f 1455 	1459 	1456
f 1459 	1460 	1456
f 1456 	1460 	1453
f 1460 	1457 	1453
f 1457 	1461 	1458
f 1461 	1462 	1458
f 1458 	1462 	1459
f 1462 	1463 	1459
f 1459 	1463 	1460
f 1463 	1464 	1460
f 1460 	1464 	1457
f 1464 	1461 	1457
f 1461 	1465 	1462
f 1465 	1466 	1462
f 1462 	1466 	1463
f 1466 	1467 	1463
f 1463 	1467 	1464
f 1467 	1468 	1464
f 1464 	1468 	1461
f 1468 	1465 	1461
f 1465 	1469 	1466
f 1469 	1470 	1466
f 1466 	1470 	1467
f 1470 	1471 	1467
f 1467 	1471 	1468
f 1471 	1472 	1468
f 1468 	1472 	1465
f 1472 	1469 	1465
f 1469 	1473 	1470
f 1473 	1474 	1470
f 1470 	1474 	1471
f 1474 	1475 	1471
f 1471 	1475 	1472
f 1475 	1476 	1472
f 1472 	1476 	1469
f 1476 	1473 	1469
f 1473 	1477 	1474
f 1477 	1478 	1474
f 1474 	1478 	1475
f 1478 	1479 	1475
f 1475 	1479 	1476
f 1479 	1480 	1476
f 1476 	1480 	1473
f 1480 	1477 	1473
f 1477 	1481 	1478
f 1481 	1482 	1478
f 1478 	1482 	1479
f 1482 	1483 	1479
f 1479 	1483 	1480
f 1483 	1484 	1480
f 1480 	1484 	1477
f 1484 	1481 	1477
f 1481 	1485 	1482
f 1485 	1486 	1482
f 1482 	1486 	1483
f 1486 	1487 	1483
f 1483 	1487 	1484
f 1487 	1488 	1484
f 1484 	1488 	1481
f 1488 	1485 	1481
f 1485 	1489 	1486
f 1489 	1490 	1486
f 1486 	1490 	1487
f 1490 	1491 	1487
f 1487 	1491 	1488
f 1491 	1492 	1488
f 1488 	1492 	1485
f 1492 	1489 	1485
f 1489 	1493 	1490
f 1493 	1494 	1490
f 1490 	1494 	1491
f 1494 	1495 	1491
f 1491 	1495 	1492
f 1495 	1496 	1492
f 1492 	1496 	1489
f 1496 	1493 	1489
f 1493 	1497 	1494
f 1497 	1498 	1494
f 1494 	1498 	1495
f 1498 	1499 	1495
f 1495 	1499 	1496
f 1499 	1500 	1496
f 1496 	1500 	1493
f 1500 	1497 	1493
f 1497 	1501 	1498
f 1501 	1502 	1498
f 1498 	1502 	1499
f 1502 	1503 	1499
f 1499 	1503 	1500
f 1503 	1504 	1500
f 1500 	1504 	1497
f 1504 	1501 	1497
f 1501 	1505 	1502
f 1505 	1506 	1502
f 1502 	1506 	1503
f 1506 	1507 	1503
f 1503 	1507 	1504
f 1507 	1508 	1504
f 1504 	1508 	1501
f 1508 	1505 	1501
f 1505 	1509 	1506
f 1509 	1510 	1506
f 1506 	1510 	1507
f 1510 	1511 	1507
f 1507 	1511 	1508
f 1511 	1512 	1508
f 1508 	1512 	1505
f 1512 	1509 	1505
f 1509 	1513 	1510
f 1513 	1514 	1510
f 1510 	1514 	1511
f 1514 	1515 	1511
f 1511 	1515 	1512
f 1515 	1516 	1512
f 1512 	1516 	1509
f 1516 	1513 	1509
f 1513 	1517 	1514
f 1517 	1518 	1514
f 1514 	1518 	1515
f 1518 	1519 	1515
f 1515 	1519 	1516
f 1519 	1520 	1516
f 1516 	1520 	1513
f 1520 	1517 	1513
f 1517 	1521 	1518
f 1521 	1522 	1518
f 1518 	1522 	1519
f 1522 	1523 	1519
f 1519 	1523 	1520
f 1523 	1524 	1520
f 1520 	1524 	1517
f 1524 	1521 	1517
f 1521 	1525 	1522
f 1525 	1526 	1522
f 1522 	1526 	1523
f 1526 	1527 	1523
f 1523 	1527 	1524
f 1527 	1528 	1524
f 1524 	1528 	1521
f 1528 	1525 	1521
f 1525 	1417 	1526
f 1417 	1419 	1526
f 1526 	1419 	1527
f 1419 	1421 	1527
f 1527 	1421 	1528
f 1421 	1423 	1528
f 1528 	1423 	1525
f 1423 	1417 	1525
f 1529 	1530 	1531
f 1530 	1532 	1531
f 1531 	1532 	1533
f 1532 	1534 	1533
f 1533 	1534 	1535
f 1534 	1536 	1535
f 1535 	1536 	1537
f 1536 	1538 	1537
f 1537 	1538 	1539
f 1538 	1540 	1539
f 1539 	1540 	1529
f 1540 	1530 	1529
f 1530 	1541 	1532
f 1541 	1542 	1532
f 1532 	1542 	1534
f 1542 	1543 	1534
f 1534 	1543 	1536
f 1543 	1544 	1536
f 1536 	1544 	1538
f 1544 	1545 	1538
f 1538 	1545 	1540
f 1545 	1546 	1540
f 1540 	1546 	1530
f 1546 	1541 	1530
f 1541 	1547 	1542
f 1547 	1548 	1542
f 1542 	1548 	1543
f 1548 	1549 	1543
f 1543 	1549 	1544
f 1549 	1550 	1544
f 1544 	1550 	1545
f 1550 	1551 	1545
f 1545 	1551 	1546
f 1551 	1552 	1546
f 1546 	1552 	1541
f 1552 	1547 	1541
f 1547 	1553 	1548
f 1553 	1554 	1548
f 1548 	1554 	1549
f 1554 	1555 	1549
f 1549 	1555 	1550
f 1555 	1556 	1550
f 1550 	1556 	1551
f 1556 	1557 	1551
f 1551 	1557 	1552
f 1557 	1558 	1552
f 1552 	1558 	1547
f 1558 	1553 	1547
f 1553 	1559 	1554
f 1559 	1560 	1554
f 1554 	1560 	1555
f 1560 	1561 	1555
f 1555 	1561 	1556
f 1561 	1562 	1556
f 1556 	1562 	1557
f 1562 	1563 	1557
f 1557 	1563 	1558
f 1563 	1564 	1558
f 1558 	1564 	1553
f 1564 	1559 	1553
f 1559 	1565 	1560
f 1565 	1566 	1560
f 1560 	1566 	1561
f 1566 	1567 	1561
f 1561 	1567 	1562
f 1567 	1568 	1562
f 1562 	1568 	1563
f 1568 	1569 	1563
f 1563 	1569 	1564
f 1569 	1570 	1564
f 1564 	1570 	1559
f 1570 	1565 	1559
f 1565 	1571 	1566
f 1571 	1572 	1566
f 1566 	1572 	1567
f 1572 	1573 	1567
f 1567 	1573 	1568
f 1573 	1574 	1568
f 1568 	1574 	1569
f 1574 	1575 	1569
f 1569 	1575 	1570
f 1575 	1576 	1570
f 1570 	1576 	1565
f 1576 	1571 	1565
f 1571 	1577 	1572
f 1577 	1578 	1572
f 1572 	1578 	1573
f 1578 	1579 	1573
f 1573 	1579 	1574
f 1579 	1580 	1574
f 1574 	1580 	1575
f 1580 	1581 	1575
f 1575 	1581 	1576
f 1581 	1582 	1576
f 1576 	1582 	1571
f 1582 	1577 	1571
f 1577 	1583 	1578
f 1583 	1584 	1578
f 1578 	1584 	1579
f 1584 	1585 	1579
f 1579 	1585 	1580
f 1585 	1586 	1580
f 1580 	1586 	1581
f 1586 	1587 	1581
f 1581 	1587 	1582
f 1587 	1588 	1582
f 1582 	1588 	1577
f 1588 	1583 	1577
f 1583 	1589 	1584
f 1589 	1590 	1584
f 1584 	1590 	1585
f 1590 	1591 	1585
f 1585 	1591 	1586
f 1591 	1592 	1586
f 1586 	1592 	1587
f 1592 	1593 	1587
f 1587 	1593 	1588
f 1593 	1594 	1588
f 1588 	1594 	1583
f 1594 	1589 	1583
f 1589 	1595 	1590
f 1595 	1596 	1590
f 1590 	1596 	1591
f 1596 	1597 	1591
f 1591 	1597 	1592
f 1597 	1598 	1592
f 1592 	1598 	1593
f 1598 	1599 	1593
f 1593 	1599 	1594
f 1599 	1600 	1594
f 1594 	1600 	1589
f 1600 	1595 	1589
f 1595 	1601 	1596
f 1601 	1602 	1596
f 1596 	1602 	1597
f 1602 	1603 	1597
f 1597 	1603 	1598
f 1603 	1604 	1598
f 1598 	1604 	1599
f 1604 	1605 	1599
f 1599 	1605 	1600
f 1605 	1606 	1600
f 1600 	1606 	1595
f 1606 	1601 	1595
f 1601 	1607 	1602
f 1607 	1608 	1602
f 1602 	1608 	1603
f 1608 	1609 	1603
f 1603 	1609 	1604
f 1609 	1610 	1604
f 1604 	1610 	1605
f 1610 	1611 	1605
f 1605 	1611 	1606
f 1611 	1612 	1606
f 1606 	1612 	1601
f 1612 	1607 	1601
f 1607 	1613 	1608
f 1613 	1614 	1608
f 1608 	1614 	1609
f 1614 	1615 	1609
f 1609 	1615 	1610
f 1615 	1616 	1610
f 1610 	1616 	1611
f 1616 	1617 	1611
f 1611 	1617 	1612
f 1617 	1618 	1612
f 1612 	1618 	1607
f 1618 	1613 	1607
f 1613 	1619 	1614
f 1619 	1620 	1614
f 1614 	1620 	1615
f 1620 	1621 	1615
f 1615 	1621 	1616
f 1621 	1622 	1616
f 1616 	1622 	1617
f 1622 	1623 	1617
f 1617 	1623 	1618
f 1623 	1624 	1618
f 1618 	1624 	1613
f 1624 	1619 	1613
f 1619 	1625 	1620
f 1625 	1626 	1620
f 1620 	1626 	1621
f 1626 	1627 	1621
f 1621 	1627 	1622
f 1627 	1628 	1622
f 1622 	1628 	1623
f 1628 	1629 	1623
f 1623 	1629 	1624
f 1629 	1630 	1624
f 1624 	1630 	1619
f 1630 	1625 	1619
f 1625 	1631 	1626
f 1631 	1632 	1626
f 1626 	1632 	1627
f 1632 	1633 	1627
f 1627 	1633 	1628
f 1633 	1634 	1628
f 1628 	1634 	1629
f 1634 	1635 	1629
f 1629 	1635 	1630
f 1635 	1636 	1630
f 1630 	1636 	1625
f 1636 	1631 	1625
f 1631 	1637 	1632
f 1637 	1638 	1632
f 1632 	1638 	1633
f 1638 	1639 	1633
f 1633 	1639 	1634
f 1639 	1640 	1634
f 1634 	1640 	1635
f 1640 	1641 	1635
f 1635 	1641 	1636
f 1641 	1642 	1636
f 1636 	1642 	1631
f 1642 	1637 	1631
f 1637 	1643 	1638
f 1643 	1644 	1638
f 1638 	1644 	1639
f 1644 	1645 	1639
f 1639 	1645 	1640
f 1645 	1646 	1640
f 1640 	1646 	1641
f 1646 	1647 	1641
f 1641 	1647 	1642
f 1647 	1648 	1642
f 1642 	1648 	1637
f 1648 	1643 	1637
f 1643 	1649 	1644
f 1649 	1650 	1644
f 1644 	1650 	1645
f 1650 	1651 	1645
f 1645 	1651 	1646
f 1651 	1652 	1646
f 1646 	1652 	1647
f 1652 	1653 	1647
f 1647 	1653 	1648
f 1653 	1654 	1648
f 1648 	1654 	1643
f 1654 	1649 	1643
f 1649 	1655 	1650
f 1655 	1656 	1650
f 1650 	1656 	1651
f 1656 	1657 	1651
f 1651 	1657 	1652
f 1657 	1658 	1652
f 1652 	1658 	1653
f 1658 	1659 	1653
f 1653 	1659 	1654
f 1659 	1660 	1654
f 1654 	1660 	1649
f 1660 	1655 	1649
f 1655 	1661 	1656
f 1661 	1662 	1656
f 1656 	1662 	1657
f 1662 	1663 	1657
f 1657 	1663 	1658
f 1663 	1664 	1658
f 1658 	1664 	1659
f 1664 	1665 	1659
f 1659 	1665 	1660
f 1665 	1666 	1660
f 1660 	1666 	1655
f 1666 	1661 	1655
f 1661 	1667 	1662
f 1667 	1668 	1662
f 1662 	1668 	1663
f 1668 	1669 	1663
f 1663 	1669 	1664
f 1669 	1670 	1664
f 1664 	1670 	1665
f 1670 	1671 	1665
f 1665 	1671 	1666
f 1671 	1672 	1666
f 1666 	1672 	1661
f 1672 	1667 	1661
f 1667 	1673 	1668
f 1673 	1674 	1668
f 1668 	1674 	1669
f 1674 	1675 	1669
f 1669 	1675 	1670
f 1675 	1676 	1670
f 1670 	1676 	1671
f 1676 	1677 	1671
f 1671 	1677 	1672
f 1677 	1678 	1672
f 1672 	1678 	1667
f 1678 	1673 	1667
f 1673 	1679 	1674
f 1679 	1680 	1674
f 1674 	1680 	1675
f 1680 	1681 	1675
f 1675 	1681 	1676
f 1681 	1682 	1676
f 1676 	1682 	1677
f 1682 	1683 	1677
f 1677 	1683 	1678
f 1683 	1684 	1678
f 1678 	1684 	1673
f 1684 	1679 	1673
f 1679 	1685 	1680
f 1685 	1686 	1680
f 1680 	1686 	1681
f 1686 	1687 	1681
f 1681 	1687 	1682
f 1687 	1688 	1682
f 1682 	1688 	1683
f 1688 	1689 	1683
f 1683 	1689 	1684
f 1689 	1690 	1684
f 1684 	1690 	1679
f 1690 	1685 	1679
f 1685 	1691 	1686
f 1691 	1692 	1686
f 1686 	1692 	1687
f 1692 	1693 	1687
f 1687 	1693 	1688
f 1693 	1694 	1688
f 1688 	1694 	1689
f 1694 	1695 	1689
f 1689 	1695 	1690
f 1695 	1696 	1690
f 1690 	1696 	1685
f 1696 	1691 	1685
f 1691 	1529 	1692
f 1529 	1531 	1692
f 1692 	1531 	1693
f 1531 	1533 	1693
f 1693 	1533 	1694
f 1533 	1535 	1694
f 1694 	1535 	1695
f 1535 	1537 	1695
f 1695 	1537 	1696
f 1537 	1539 	1696
f 1696 	1539 	1691
f 1539 	1529 	1691
# 1400 faces

 #end of obj_3

o obj_4
v 35.3506 		31.7249 		26.6554
v 35.3506 		32.3168 		25.9133
v 43.9969 		37.1522 		32.0827
v 43.9969 		38.8156 		29.9968
v 44.8247 		37.2171 		32.1476
v 44.8247 		38.8934 		30.0457
v 44.7596 		37.6309 		32.5614
v 44.7596 		39.3889 		30.357
v 45.7002 		38.2214 		33.1518
v 45.7002 		40.0959 		30.8012
v 48.2024 		38.884 		33.8145
v 48.2024 		40.8893 		31.2998
v 60 		39.4394 		34.3698
v 60 		41.5544 		31.7177
v 52.7653 		44.5482 		39.4787
v 52.7653 		47.672 		35.5616
v 48.0725 		41.6026 		36.5331
v 48.0725 		44.1448 		33.3453
v 41.4162 		44.5403 		39.4708
v 41.4162 		47.6625 		35.5557
v 33.6768 		36.3424 		31.2729
v 33.6768 		37.846 		29.3875
v 39.8146 		36.824 		31.7545
v 39.8146 		38.4227 		29.7499
v 39.674 		36.6256 		31.5561
v 39.674 		38.185 		29.6006
v 40.4859 		36.8406 		31.7711
v 40.4859 		38.4425 		29.7623
v 34.0501 		32.8008 		27.7313
v 34.0501 		33.6051 		26.7228
v 27 		28.7275 		23.658
v 30.1626 		28.7275 		23.658
v 35.3506 		32.7286 		25.0581
v 43.9969 		39.9732 		27.593
v 44.8247 		40.0599 		27.6234
v 44.7596 		40.6122 		27.8167
v 45.7002 		41.4004 		28.0924
v 48.2024 		42.2849 		28.4019
v 60 		43.0262 		28.6614
v 52.7653 		49.8458 		31.0476
v 48.0725 		45.9138 		29.6718
v 41.4162 		49.8353 		31.0439
v 33.6768 		38.8923 		27.2148
v 39.8146 		39.5352 		27.4398
v 39.674 		39.2702 		27.3471
v 40.4859 		39.5572 		27.4475
v 34.0501 		34.1648 		25.5606
v 35.3506 		32.9399 		24.1326
v 43.9969 		40.5669 		24.992
v 44.8247 		40.6581 		25.0023
v 44.7596 		41.2396 		25.0678
v 45.7002 		42.0694 		25.1613
v 48.2024 		43.0006 		25.2662
v 60 		43.7811 		25.3541
v 52.7653 		50.9607 		26.1631
v 48.0725 		46.8211 		25.6967
v 41.4162 		50.9496 		26.1618
v 33.6768 		39.4289 		24.8638
v 39.8146 		40.1057 		24.94
v 39.674 		39.8268 		24.9086
v 40.4859 		40.129 		24.9427
v 34.0501 		34.4518 		24.303
v 35.3506 		32.9399 		23.1834
v 43.9969 		40.5669 		22.324
v 44.8247 		40.6581 		22.3138
v 44.7596 		41.2396 		22.2482
v 45.7002 		42.0694 		22.1548
v 48.2024 		43.0006 		22.0498
v 60 		43.7811 		21.9619
v 52.7653 		50.9607 		21.1529
v 48.0725 		46.8211 		21.6194
v 41.4162 		50.9496 		21.1542
v 33.6768 		39.4289 		22.4523
v 39.8146 		40.1057 		22.376
v 39.674 		39.8268 		22.4074
v 40.4859 		40.129 		22.3734
v 34.0501 		34.4518 		23.013
v 35.3506 		32.7286 		22.258
v 43.9969 		39.9732 		19.723
v 44.8247 		40.0599 		19.6927
v 44.7596 		40.6122 		19.4994
v 45.7002 		41.4004 		19.2236
v 48.2024 		42.2849 		18.9141
v 60 		43.0262 		18.6547
v 52.7653 		49.8458 		16.2684
v 48.0725 		45.9138 		17.6443
v 41.4162 		49.8353 		16.2721
v 33.6768 		38.8923 		20.1012
v 39.8146 		39.5352 		19.8763
v 39.674 		39.2702 		19.969
v 40.4859 		39.5572 		19.8685
v 34.0501 		34.1648 		21.7555
v 35.3506 		32.3168 		21.4027
v 43.9969 		38.8156 		17.3193
v 44.8247 		38.8934 		17.2704
v 44.7596 		39.3889 		16.959
v 45.7002 		40.0959 		16.5148
v 48.2024 		40.8893 		16.0162
v 60 		41.5544 		15.5984
v 52.7653 		47.672 		11.7544
v 48.0725 		44.1448 		13.9707
v 41.4162 		47.6625 		11.7604
v 33.6768 		37.846 		17.9285
v 39.8146 		38.4227 		17.5662
v 39.674 		38.185 		17.7155
v 40.4859 		38.4425 		17.5537
v 34.0501 		33.6051 		20.5933
v 35.3506 		31.7249 		20.6606
v 43.9969 		37.1522 		15.2334
v 44.8247 		37.2171 		15.1684
v 44.7596 		37.6309 		14.7546
v 45.7002 		38.2214 		14.1642
v 48.2024 		38.884 		13.5016
v 60 		39.4394 		12.9462
v 52.7653 		44.5482 		7.8373
v 48.0725 		41.6026 		10.783
v 41.4162 		44.5403 		7.8452
v 33.6768 		36.3424 		16.0431
v 39.8146 		36.824 		15.5615
v 39.674 		36.6256 		15.76
v 40.4859 		36.8406 		15.545
v 34.0501 		32.8008 		19.5847
v 35.3506 		30.9828 		20.0688
v 43.9969 		35.0663 		13.5699
v 44.8247 		35.1152 		13.4922
v 44.7596 		35.4265 		12.9967
v 45.7002 		35.8707 		12.2897
v 48.2024 		36.3693 		11.4962
v 60 		36.7872 		10.8312
v 52.7653 		40.6311 		4.7136
v 48.0725 		38.4148 		8.2408
v 41.4162 		40.6252 		4.723
v 33.6768 		34.457 		14.5395
v 39.8146 		34.8194 		13.9629
v 39.674 		34.6701 		14.2005
v 40.4859 		34.8318 		13.9431
v 34.0501 		31.7923 		18.7805
v 35.3506 		30.1276 		19.6569
v 43.9969 		32.6626 		12.4124
v 44.8247 		32.6929 		12.3257
v 44.7596 		32.8862 		11.7733
v 45.7002 		33.162 		10.9852
v 48.2024 		33.4715 		10.1007
v 60 		33.7309 		9.3593
v 52.7653 		36.1171 		2.5397
v 48.0725 		34.7413 		6.4717
v 41.4162 		36.1134 		2.5503
v 33.6768 		32.2843 		13.4932
v 39.8146 		32.5093 		12.8504
v 39.674 		32.4166 		13.1153
v 40.4859 		32.517 		12.8283
v 34.0501 		30.6301 		18.2208
v 35.3506 		29.2021 		19.4457
v 43.9969 		30.0615 		11.8187
v 44.8247 		30.0718 		11.7274
v 44.7596 		30.1373 		11.1459
v 45.7002 		30.2308 		10.3162
v 48.2024 		30.3357 		9.385
v 60 		30.4237 		8.6045
v 52.7653 		31.2326 		1.4249
v 48.0725 		30.7662 		5.5644
v 41.4162 		31.2314 		1.436
v 33.6768 		29.9333 		12.9566
v 39.8146 		30.0095 		12.2798
v 39.674 		29.9781 		12.5587
v 40.4859 		30.0122 		12.2566
v 34.0501 		29.3725 		17.9338
v 35.3506 		28.2529 		19.4457
v 43.9969 		27.3936 		11.8187
v 44.8247 		27.3833 		11.7274
v 44.7596 		27.3178 		11.1459
v 45.7002 		27.2243 		10.3162
v 48.2024 		27.1193 		9.385
v 60 		27.0314 		8.6045
v 52.7653 		26.2225 		1.4249
v 48.0725 		26.6889 		5.5644
v 41.4162 		26.2237 		1.436
v 33.6768 		27.5218 		12.9566
v 39.8146 		27.4455 		12.2798
v 39.674 		27.4769 		12.5587
v 40.4859 		27.4429 		12.2566
v 34.0501 		28.0826 		17.9338
v 35.3506 		27.3275 		19.6569
v 43.9969 		24.7925 		12.4124
v 44.8247 		24.7622 		12.3257
v 44.7596 		24.5689 		11.7733
v 45.7002 		24.2931 		10.9852
v 48.2024 		23.9836 		10.1007
v 60 		23.7242 		9.3593
v 52.7653 		21.3379 		2.5397
v 48.0725 		22.7138 		6.4717
v 41.4162 		21.3416 		2.5503
v 33.6768 		25.1707 		13.4932
v 39.8146 		24.9458 		12.8504
v 39.674 		25.0385 		13.1153
v 40.4859 		24.9381 		12.8283
v 34.0501 		26.825 		18.2208
v 35.3506 		26.4723 		20.0688
v 43.9969 		22.3888 		13.5699
v 44.8247 		22.3399 		13.4922
v 44.7596 		22.0286 		12.9967
v 45.7002 		21.5843 		12.2897
v 48.2024 		21.0858 		11.4962
v 60 		20.6679 		10.8312
v 52.7653 		16.8239 		4.7136
v 48.0725 		19.0402 		8.2408
v 41.4162 		16.8299 		4.723
v 33.6768 		22.998 		14.5395
v 39.8146 		22.6357 		13.9629
v 39.674 		22.785 		14.2005
v 40.4859 		22.6232 		13.9431
v 34.0501 		25.6628 		18.7805
v 35.3506 		25.7301 		20.6606
v 43.9969 		20.3029 		15.2334
v 44.8247 		20.2379 		15.1684
v 44.7596 		19.8241 		14.7546
v 45.7002 		19.2337 		14.1642
v 48.2024 		18.5711 		13.5016
v 60 		18.0157 		12.9462
v 52.7653 		12.9068 		7.8373
v 48.0725 		15.8525 		10.783
v 41.4162 		12.9147 		7.8452
v 33.6768 		21.1126 		16.0431
v 39.8146 		20.631 		15.5615
v 39.674 		20.8295 		15.76
v 40.4859 		20.6145 		15.545
v 34.0501 		24.6543 		19.5847
v 35.3506 		25.1383 		21.4027
v 43.9969 		18.6395 		17.3193
v 44.8247 		18.5617 		17.2704
v 44.7596 		18.0662 		16.959
v 45.7002 		17.3592 		16.5148
v 48.2024 		16.5657 		16.0162
v 60 		15.9007 		15.5984
v 52.7653 		9.7831 		11.7544
v 48.0725 		13.3103 		13.9707
v 41.4162 		9.7925 		11.7604
v 33.6768 		19.6091 		17.9285
v 39.8146 		19.0324 		17.5662
v 39.674 		19.27 		17.7155
v 40.4859 		19.0126 		17.5537
v 34.0501 		23.85 		20.5933
v 35.3506 		24.7264 		22.258
v 43.9969 		17.4819 		19.723
v 44.8247 		17.3952 		19.6927
v 44.7596 		16.8428 		19.4994
v 45.7002 		16.0547 		19.2236
v 48.2024 		15.1702 		18.9141
v 60 		14.4288 		18.6547
v 52.7653 		7.6092 		16.2684
v 48.0725 		11.5412 		17.6443
v 41.4162 		7.6198 		16.2721
v 33.6768 		18.5627 		20.1012
v 39.8146 		17.9199 		19.8763
v 39.674 		18.1848 		19.969
v 40.4859 		17.8978 		19.8685
v 34.0501 		23.2903 		21.7555
v 35.3506 		24.5152 		23.1834
v 43.9969 		16.8882 		22.324
v 44.8247 		16.7969 		22.3138
v 44.7596 		16.2154 		22.2482
v 45.7002 		15.3857 		22.1548
v 48.2024 		14.4545 		22.0498
v 60 		13.674 		21.9619
v 52.7653 		6.4944 		21.1529
v 48.0725 		10.6339 		21.6194
v 41.4162 		6.5055 		21.1542
v 33.6768 		18.0261 		22.4523
v 39.8146 		17.3493 		22.376
v 39.674 		17.6283 		22.4074
v 40.4859 		17.3261 		22.3734
v 34.0501 		23.0033 		23.013
v 35.3506 		24.5152 		24.1326
v 43.9969 		16.8882 		24.992
v 44.8247 		16.7969 		25.0023
v 44.7596 		16.2154 		25.0678
v 45.7002 		15.3857 		25.1613
v 48.2024 		14.4545 		25.2662
v 60 		13.674 		25.3541
v 52.7653 		6.4944 		26.1631
v 48.0725 		10.6339 		25.6967
v 41.4162 		6.5055 		26.1618
v 33.6768 		18.0261 		24.8638
v 39.8146 		17.3493 		24.94
v 39.674 		17.6283 		24.9086
v 40.4859 		17.3261 		24.9427
v 34.0501 		23.0033 		24.303
v 35.3506 		24.7264 		25.0581
v 43.9969 		17.4819 		27.593
v 44.8247 		17.3952 		27.6234
v 44.7596 		16.8428 		27.8167
v 45.7002 		16.0547 		28.0924
v 48.2024 		15.1702 		28.4019
v 60 		14.4288 		28.6614
v 52.7653 		7.6092 		31.0476
v 48.0725 		11.5412 		29.6718
v 41.4162 		7.6198 		31.0439
v 33.6768 		18.5627 		27.2148
v 39.8146 		17.9199 		27.4398
v 39.674 		18.1848 		27.3471
v 40.4859 		17.8978 		27.4475
v 34.0501 		23.2903 		25.5606
v 35.3506 		25.1383 		25.9133
v 43.9969 		18.6395 		29.9968
v 44.8247 		18.5617 		30.0457
v 44.7596 		18.0662 		30.357
v 45.7002 		17.3592 		30.8012
v 48.2024 		16.5657 		31.2998
v 60 		15.9007 		31.7177
v 52.7653 		9.7831 		35.5616
v 48.0725 		13.3103 		33.3453
v 41.4162 		9.7925 		35.5557
v 33.6768 		19.6091 		29.3875
v 39.8146 		19.0324 		29.7499
v 39.674 		19.27 		29.6006
v 40.4859 		19.0126 		29.7623
v 34.0501 		23.85 		26.7228
v 35.3506 		25.7301 		26.6554
v 43.9969 		20.3029 		32.0827
v 44.8247 		20.2379 		32.1476
v 44.7596 		19.8241 		32.5614
v 45.7002 		19.2337 		33.1518
v 48.2024 		18.5711 		33.8145
v 60 		18.0157 		34.3698
v 52.7653 		12.9068 		39.4787
v 48.0725 		15.8525 		36.5331
v 41.4162 		12.9147 		39.4708
v 33.6768 		21.1126 		31.2729
v 39.8146 		20.631 		31.7545
v 39.674 		20.8295 		31.5561
v 40.4859 		20.6145 		31.7711
v 34.0501 		24.6543 		27.7313
v 35.3506 		26.4723 		27.2473
v 43.9969 		22.3888 		33.7461
v 44.8247 		22.3399 		33.8239
v 44.7596 		22.0286 		34.3194
v 45.7002 		21.5843 		35.0264
v 48.2024 		21.0858 		35.8198
v 60 		20.6679 		36.4849
v 52.7653 		16.8239 		42.6025
v 48.0725 		19.0402 		39.0752
v 41.4162 		16.8299 		42.593
v 33.6768 		22.998 		32.7765
v 39.8146 		22.6357 		33.3532
v 39.674 		22.785 		33.1155
v 40.4859 		22.6232 		33.373
v 34.0501 		25.6628 		28.5356
v 35.3506 		27.3275 		27.6591
v 43.9969 		24.7925 		34.9037
v 44.8247 		24.7622 		34.9904
v 44.7596 		24.5689 		35.5427
v 45.7002 		24.2931 		36.3309
v 48.2024 		23.9836 		37.2154
v 60 		23.7242 		37.9567
v 52.7653 		21.3379 		44.7763
v 48.0725 		22.7138 		40.8443
v 41.4162 		21.3416 		44.7658
v 33.6768 		25.1707 		33.8228
v 39.8146 		24.9458 		34.4657
v 39.674 		25.0385 		34.2007
v 40.4859 		24.9381 		34.4877
v 34.0501 		26.825 		29.0952
v 35.3506 		28.2529 		27.8703
v 43.9969 		27.3936 		35.4973
v 44.8247 		27.3833 		35.5886
v 44.7596 		27.3178 		36.1701
v 45.7002 		27.2243 		36.9999
v 48.2024 		27.1193 		37.9311
v 60 		27.0314 		38.7116
v 52.7653 		26.2225 		45.8912
v 48.0725 		26.6889 		41.7516
v 41.4162 		26.2237 		45.8801
v 33.6768 		27.5218 		34.3594
v 39.8146 		27.4455 		35.0362
v 39.674 		27.4769 		34.7573
v 40.4859 		27.4429 		35.0594
v 34.0501 		28.0826 		29.3823
v 35.3506 		29.2021 		27.8703
v 43.9969 		30.0615 		35.4973
v 44.8247 		30.0718 		35.5886
v 44.7596 		30.1373 		36.1701
v 45.7002 		30.2308 		36.9999
v 48.2024 		30.3357 		37.9311
v 60 		30.4237 		38.7116
v 52.7653 		31.2326 		45.8912
v 48.0725 		30.7662 		41.7516
v 41.4162 		31.2314 		45.8801
v 33.6768 		29.9333 		34.3594
v 39.8146 		30.0095 		35.0362
v 39.674 		29.9781 		34.7573
v 40.4859 		30.0122 		35.0594
v 34.0501 		29.3725 		29.3823
v 35.3506 		30.1276 		27.6591
v 43.9969 		32.6626 		34.9037
v 44.8247 		32.6929 		34.9904
v 44.7596 		32.8862 		35.5427
v 45.7002 		33.162 		36.3309
v 48.2024 		33.4715 		37.2154
v 60 		33.7309 		37.9567
v 52.7653 		36.1171 		44.7763
v 48.0725 		34.7413 		40.8443
v 41.4162 		36.1134 		44.7658
v 33.6768 		32.2843 		33.8228
v 39.8146 		32.5093 		34.4657
v 39.674 		32.4166 		34.2007
v 40.4859 		32.517 		34.4877
v 34.0501 		30.6301 		29.0952
v 35.3506 		30.9828 		27.2473
v 43.9969 		35.0663 		33.7461
v 44.8247 		35.1152 		33.8239
v 44.7596 		35.4265 		34.3194
v 45.7002 		35.8707 		35.0264
v 48.2024 		36.3693 		35.8198
v 60 		36.7872 		36.4849
v 52.7653 		40.6311 		42.6025
v 48.0725 		38.4148 		39.0752
v 41.4162 		40.6252 		42.593
v 33.6768 		34.457 		32.7765
v 39.8146 		34.8194 		33.3532
v 39.674 		34.6701 		33.1155
v 40.4859 		34.8318 		33.373
v 34.0501 		31.7923 		28.5356
v 52.6844 		42.6053 		37.5358
v 52.6844 		45.3455 		34.0998
v 55.4631 		40.6431 		35.5736
v 55.4631 		42.9958 		32.6234
v 50.7492 		40.4212 		35.3517
v 50.7492 		42.7301 		32.4564
v 49.8424 		40.8214 		35.7519
v 49.8424 		43.2093 		32.7575
v 52.6844 		47.2523 		30.1401
v 55.4631 		44.6331 		29.2236
v 50.7492 		44.3369 		29.12
v 49.8424 		44.8711 		29.3069
v 52.6844 		48.2303 		25.8555
v 55.4631 		45.4728 		25.5448
v 50.7492 		45.1609 		25.5096
v 49.8424 		45.7233 		25.573
v 52.6844 		48.2303 		21.4606
v 55.4631 		45.4728 		21.7713
v 50.7492 		45.1609 		21.8064
v 49.8424 		45.7233 		21.7431
v 52.6844 		47.2523 		17.1759
v 55.4631 		44.6331 		18.0924
v 50.7492 		44.3369 		18.1961
v 49.8424 		44.8711 		18.0092
v 52.6844 		45.3455 		13.2163
v 55.4631 		42.9958 		14.6927
v 50.7492 		42.7301 		14.8596
v 49.8424 		43.2093 		14.5585
v 52.6844 		42.6053 		9.7802
v 55.4631 		40.6431 		11.7424
v 50.7492 		40.4212 		11.9643
v 49.8424 		40.8214 		11.5641
v 52.6844 		39.1693 		7.0401
v 55.4631 		37.6929 		9.3897
v 50.7492 		37.5259 		9.6554
v 49.8424 		37.827 		9.1762
v 52.6844 		35.2096 		5.1332
v 55.4631 		34.2931 		7.7525
v 50.7492 		34.1895 		8.0487
v 49.8424 		34.3764 		7.5145
v 52.6844 		30.925 		4.1553
v 55.4631 		30.6143 		6.9128
v 50.7492 		30.5791 		7.2246
v 49.8424 		30.6425 		6.6622
v 52.6844 		26.5301 		4.1553
v 55.4631 		26.8408 		6.9128
v 50.7492 		26.8759 		7.2246
v 49.8424 		26.8126 		6.6622
v 52.6844 		22.2454 		5.1332
v 55.4631 		23.1619 		7.7525
v 50.7492 		23.2656 		8.0487
v 49.8424 		23.0787 		7.5145
v 52.6844 		18.2858 		7.0401
v 55.4631 		19.7622 		9.3897
v 50.7492 		19.9291 		9.6554
v 49.8424 		19.628 		9.1762
v 52.6844 		14.8497 		9.7802
v 55.4631 		16.8119 		11.7424
v 50.7492 		17.0339 		11.9643
v 49.8424 		16.6337 		11.5641
v 52.6844 		12.1096 		13.2163
v 55.4631 		14.4592 		14.6927
v 50.7492 		14.7249 		14.8596
v 49.8424 		14.2457 		14.5585
v 52.6844 		10.2027 		17.1759
v 55.4631 		12.822 		18.0924
v 50.7492 		13.1182 		18.1961
v 49.8424 		12.584 		18.0092
v 52.6844 		9.2248 		21.4606
v 55.4631 		11.9823 		21.7713
v 50.7492 		12.2942 		21.8064
v 49.8424 		11.7318 		21.7431
v 52.6844 		9.2248 		25.8555
v 55.4631 		11.9823 		25.5448
v 50.7492 		12.2942 		25.5096
v 49.8424 		11.7318 		25.573
v 52.6844 		10.2027 		30.1401
v 55.4631 		12.822 		29.2236
v 50.7492 		13.1182 		29.12
v 49.8424 		12.584 		29.3069
v 52.6844 		12.1096 		34.0998
v 55.4631 		14.4592 		32.6234
v 50.7492 		14.7249 		32.4564
v 49.8424 		14.2457 		32.7575
v 52.6844 		14.8497 		37.5358
v 55.4631 		16.8119 		35.5736
v 50.7492 		17.0339 		35.3517
v 49.8424 		16.6337 		35.7519
v 52.6844 		18.2858 		40.276
v 55.4631 		19.7622 		37.9263
v 50.7492 		19.9291 		37.6606
v 49.8424 		19.628 		38.1398
v 52.6844 		22.2454 		42.1828
v 55.4631 		23.1619 		39.5636
v 50.7492 		23.2656 		39.2674
v 49.8424 		23.0787 		39.8016
v 52.6844 		26.5301 		43.1608
v 55.4631 		26.8408 		40.4032
v 50.7492 		26.8759 		40.0914
v 49.8424 		26.8126 		40.6538
v 52.6844 		30.925 		43.1608
v 55.4631 		30.6143 		40.4032
v 50.7492 		30.5791 		40.0914
v 49.8424 		30.6425 		40.6538
v 52.6844 		35.2096 		42.1828
v 55.4631 		34.2931 		39.5636
v 50.7492 		34.1895 		39.2674
v 49.8424 		34.3764 		39.8016
v 52.6844 		39.1693 		40.276
v 55.4631 		37.6929 		37.9263
v 50.7492 		37.5259 		37.6606
v 49.8424 		37.827 		38.1398
v 42.0039 		42.6132 		37.5437
v 42.0039 		45.3549 		34.1057
v 46.5124 		40.6234 		35.5539
v 46.5124 		42.9722 		32.6085
v 45.8207 		40.1892 		35.1197
v 45.8207 		42.4523 		32.2818
v 42.0723 		40.0127 		34.9432
v 42.0723 		42.241 		32.1491
v 40.8813 		38.3306 		33.2611
v 40.8813 		40.2268 		30.8835
v 37.7271 		38.0832 		33.0136
v 37.7271 		39.9304 		30.6973
v 42.0039 		47.2629 		30.1438
v 46.5124 		44.6067 		29.2144
v 45.8207 		44.0272 		29.0116
v 42.0723 		43.7916 		28.9292
v 40.8813 		41.5463 		28.1435
v 37.7271 		41.2159 		28.0279
v 42.0039 		48.2414 		25.8567
v 46.5124 		45.445 		25.5416
v 45.8207 		44.8348 		25.4729
v 42.0723 		44.5868 		25.4449
v 40.8813 		42.223 		25.1786
v 37.7271 		41.8752 		25.1394
v 42.0039 		48.2414 		21.4593
v 46.5124 		45.445 		21.7744
v 45.8207 		44.8348 		21.8432
v 42.0723 		44.5868 		21.8711
v 40.8813 		42.223 		22.1374
v 37.7271 		41.8752 		22.1766
v 42.0039 		47.2629 		17.1722
v 46.5124 		44.6067 		18.1016
v 45.8207 		44.0272 		18.3044
v 42.0723 		43.7916 		18.3869
v 40.8813 		41.5463 		19.1725
v 37.7271 		41.2159 		19.2881
v 42.0039 		45.3549 		13.2103
v 46.5124 		42.9722 		14.7075
v 45.8207 		42.4523 		15.0342
v 42.0723 		42.241 		15.167
v 40.8813 		40.2268 		16.4326
v 37.7271 		39.9304 		16.6188
v 42.0039 		42.6132 		9.7723
v 46.5124 		40.6234 		11.7622
v 45.8207 		40.1892 		12.1964
v 42.0723 		40.0127 		12.3728
v 40.8813 		38.3306 		14.0549
v 37.7271 		38.0832 		14.3024
v 42.0039 		39.1752 		7.0306
v 46.5124 		37.678 		9.4133
v 45.8207 		37.3514 		9.9333
v 42.0723 		37.2186 		10.1446
v 40.8813 		35.953 		12.1588
v 37.7271 		35.7668 		12.4551
v 42.0039 		35.2133 		5.1227
v 46.5124 		34.2839 		7.7788
v 45.8207 		34.0811 		8.3584
v 42.0723 		33.9987 		8.594
v 40.8813 		33.213 		10.8393
v 37.7271 		33.0974 		11.1696
v 42.0039 		30.9262 		4.1442
v 46.5124 		30.6111 		6.9405
v 45.8207 		30.5424 		7.5507
v 42.0723 		30.5144 		7.7987
v 40.8813 		30.2481 		10.1626
v 37.7271 		30.2089 		10.5104
v 42.0039 		26.5288 		4.1442
v 46.5124 		26.8439 		6.9405
v 45.8207 		26.9127 		7.5507
v 42.0723 		26.9406 		7.7987
v 40.8813 		27.207 		10.1626
v 37.7271 		27.2461 		10.5104
v 42.0039 		22.2417 		5.1227
v 46.5124 		23.1712 		7.7788
v 45.8207 		23.374 		8.3584
v 42.0723 		23.4564 		8.594
v 40.8813 		24.2421 		10.8393
v 37.7271 		24.3577 		11.1696
v 42.0039 		18.2798 		7.0306
v 46.5124 		19.777 		9.4133
v 45.8207 		20.1037 		9.9333
v 42.0723 		20.2365 		10.1446
v 40.8813 		21.5021 		12.1588
v 37.7271 		21.6883 		12.4551
v 42.0039 		14.8418 		9.7723
v 46.5124 		16.8317 		11.7622
v 45.8207 		17.2659 		12.1964
v 42.0723 		17.4423 		12.3728
v 40.8813 		19.1244 		14.0549
v 37.7271 		19.3719 		14.3024
v 42.0039 		12.1001 		13.2103
v 46.5124 		14.4829 		14.7075
v 45.8207 		15.0028 		15.0342
v 42.0723 		15.2141 		15.167
v 40.8813 		17.2283 		16.4326
v 37.7271 		17.5246 		16.6188
v 42.0039 		10.1922 		17.1722
v 46.5124 		12.8483 		18.1016
v 45.8207 		13.4279 		18.3044
v 42.0723 		13.6635 		18.3869
v 40.8813 		15.9088 		19.1725
v 37.7271 		16.2391 		19.2881
v 42.0039 		9.2137 		21.4593
v 46.5124 		12.01 		21.7744
v 45.8207 		12.6202 		21.8432
v 42.0723 		12.8682 		21.8711
v 40.8813 		15.2321 		22.1374
v 37.7271 		15.5799 		22.1766
v 42.0039 		9.2137 		25.8567
v 46.5124 		12.01 		25.5416
v 45.8207 		12.6202 		25.4729
v 42.0723 		12.8682 		25.4449
v 40.8813 		15.2321 		25.1786
v 37.7271 		15.5799 		25.1394
v 42.0039 		10.1922 		30.1438
v 46.5124 		12.8483 		29.2144
v 45.8207 		13.4279 		29.0116
v 42.0723 		13.6635 		28.9292
v 40.8813 		15.9088 		28.1435
v 37.7271 		16.2391 		28.0279
v 42.0039 		12.1001 		34.1057
v 46.5124 		14.4829 		32.6085
v 45.8207 		15.0028 		32.2818
v 42.0723 		15.2141 		32.1491
v 40.8813 		17.2283 		30.8835
v 37.7271 		17.5246 		30.6973
v 42.0039 		14.8418 		37.5437
v 46.5124 		16.8317 		35.5539
v 45.8207 		17.2659 		35.1197
v 42.0723 		17.4423 		34.9432
v 40.8813 		19.1244 		33.2611
v 37.7271 		19.3719 		33.0136
v 42.0039 		18.2798 		40.2854
v 46.5124 		19.777 		37.9027
v 45.8207 		20.1037 		37.3828
v 42.0723 		20.2365 		37.1715
v 40.8813 		21.5021 		35.1573
v 37.7271 		21.6883 		34.8609
v 42.0039 		22.2417 		42.1934
v 46.5124 		23.1712 		39.5372
v 45.8207 		23.374 		38.9576
v 42.0723 		23.4564 		38.7221
v 40.8813 		24.2421 		36.4768
v 37.7271 		24.3577 		36.1464
v 42.0039 		26.5288 		43.1719
v 46.5124 		26.8439 		40.3755
v 45.8207 		26.9127 		39.7653
v 42.0723 		26.9406 		39.5173
v 40.8813 		27.207 		37.1535
v 37.7271 		27.2461 		36.8057
v 42.0039 		30.9262 		43.1719
v 46.5124 		30.6111 		40.3755
v 45.8207 		30.5424 		39.7653
v 42.0723 		30.5144 		39.5173
v 40.8813 		30.2481 		37.1535
v 37.7271 		30.2089 		36.8057
v 42.0039 		35.2133 		42.1934
v 46.5124 		34.2839 		39.5372
v 45.8207 		34.0811 		38.9576
v 42.0723 		33.9987 		38.7221
v 40.8813 		33.213 		36.4768
v 37.7271 		33.0974 		36.1464
v 42.0039 		39.1752 		40.2854
v 46.5124 		37.678 		37.9027
v 45.8207 		37.3514 		37.3828
v 42.0723 		37.2186 		37.1715
v 40.8813 		35.953 		35.1573
v 37.7271 		35.7668 		34.8609
# 702 vertices

g group_4_40919

usemtl color_40919
s 0

f 1697 	1698 	1699
f 1698 	1700 	1699
f 1699 	1700 	1701
f 1700 	1702 	1701
f 1701 	1702 	1703
f 1702 	1704 	1703
f 1703 	1704 	1705
f 1704 	1706 	1705
f 1705 	1706 	1707
f 1706 	1708 	1707
f 1707 	1708 	1709
f 1708 	1710 	1709
f 1709 	1710 	1711
f 1710 	1712 	1711
f 1711 	1712 	1713
f 1712 	1714 	1713
f 1713 	1714 	1715
f 1714 	1716 	1715
f 1715 	1716 	1717
f 1716 	1718 	1717
f 1717 	1718 	1719
f 1718 	1720 	1719
f 1719 	1720 	1721
f 1720 	1722 	1721
f 1721 	1722 	1723
f 1722 	1724 	1723
f 1723 	1724 	1725
f 1724 	1726 	1725
f 1725 	1726 	1727
f 1728 	1698 	1697
f 1698 	1729 	1700
f 1729 	1730 	1700
f 1700 	1730 	1702
f 1730 	1731 	1702
f 1702 	1731 	1704
f 1731 	1732 	1704
f 1704 	1732 	1706
f 1732 	1733 	1706
f 1706 	1733 	1708
f 1733 	1734 	1708
f 1708 	1734 	1710
f 1734 	1735 	1710
f 1710 	1735 	1712
f 1735 	1736 	1712
f 1712 	1736 	1714
f 1736 	1737 	1714
f 1714 	1737 	1716
f 1737 	1738 	1716
f 1716 	1738 	1718
f 1738 	1739 	1718
f 1718 	1739 	1720
f 1739 	1740 	1720
f 1720 	1740 	1722
f 1740 	1741 	1722
f 1722 	1741 	1724
f 1741 	1742 	1724
f 1724 	1742 	1726
f 1742 	1743 	1726
f 1726 	1743 	1727
f 1728 	1729 	1698
f 1729 	1744 	1730
f 1744 	1745 	1730
f 1730 	1745 	1731
f 1745 	1746 	1731
f 1731 	1746 	1732
f 1746 	1747 	1732
f 1732 	1747 	1733
f 1747 	1748 	1733
f 1733 	1748 	1734
f 1748 	1749 	1734
f 1734 	1749 	1735
f 1749 	1750 	1735
f 1735 	1750 	1736
f 1750 	1751 	1736
f 1736 	1751 	1737
f 1751 	1752 	1737
f 1737 	1752 	1738
f 1752 	1753 	1738
f 1738 	1753 	1739
f 1753 	1754 	1739
f 1739 	1754 	1740
f 1754 	1755 	1740
f 1740 	1755 	1741
f 1755 	1756 	1741
f 1741 	1756 	1742
f 1756 	1757 	1742
f 1742 	1757 	1743
f 1757 	1758 	1743
f 1743 	1758 	1727
f 1728 	1744 	1729
f 1744 	1759 	1745
f 1759 	1760 	1745
f 1745 	1760 	1746
f 1760 	1761 	1746
f 1746 	1761 	1747
f 1761 	1762 	1747
f 1747 	1762 	1748
f 1762 	1763 	1748
f 1748 	1763 	1749
f 1763 	1764 	1749
f 1749 	1764 	1750
f 1764 	1765 	1750
f 1750 	1765 	1751
f 1765 	1766 	1751
f 1751 	1766 	1752
f 1766 	1767 	1752
f 1752 	1767 	1753
f 1767 	1768 	1753
f 1753 	1768 	1754
f 1768 	1769 	1754
f 1754 	1769 	1755
f 1769 	1770 	1755
f 1755 	1770 	1756
f 1770 	1771 	1756
f 1756 	1771 	1757
f 1771 	1772 	1757
f 1757 	1772 	1758
f 1772 	1773 	1758
f 1758 	1773 	1727
f 1728 	1759 	1744
f 1759 	1774 	1760
f 1774 	1775 	1760
f 1760 	1775 	1761
f 1775 	1776 	1761
f 1761 	1776 	1762
f 1776 	1777 	1762
f 1762 	1777 	1763
f 1777 	1778 	1763
f 1763 	1778 	1764
f 1778 	1779 	1764
f 1764 	1779 	1765
f 1779 	1780 	1765
f 1765 	1780 	1766
f 1780 	1781 	1766
f 1766 	1781 	1767
f 1781 	1782 	1767
f 1767 	1782 	1768
f 1782 	1783 	1768
f 1768 	1783 	1769
f 1783 	1784 	1769
f 1769 	1784 	1770
f 1784 	1785 	1770
f 1770 	1785 	1771
f 1785 	1786 	1771
f 1771 	1786 	1772
f 1786 	1787 	1772
f 1772 	1787 	1773
f 1787 	1788 	1773
f 1773 	1788 	1727
f 1728 	1774 	1759
f 1774 	1789 	1775
f 1789 	1790 	1775
f 1775 	1790 	1776
f 1790 	1791 	1776
f 1776 	1791 	1777
f 1791 	1792 	1777
f 1777 	1792 	1778
f 1792 	1793 	1778
f 1778 	1793 	1779
f 1793 	1794 	1779
f 1779 	1794 	1780
f 1794 	1795 	1780
f 1780 	1795 	1781
f 1795 	1796 	1781
f 1781 	1796 	1782
f 1796 	1797 	1782
f 1782 	1797 	1783
f 1797 	1798 	1783
f 1783 	1798 	1784
f 1798 	1799 	1784
f 1784 	1799 	1785
f 1799 	1800 	1785
f 1785 	1800 	1786
f 1800 	1801 	1786
f 1786 	1801 	1787
f 1801 	1802 	1787
f 1787 	1802 	1788
f 1802 	1803 	1788
f 1788 	1803 	1727
f 1728 	1789 	1774
f 1789 	1804 	1790
f 1804 	1805 	1790
f 1790 	1805 	1791
f 1805 	1806 	1791
f 1791 	1806 	1792
f 1806 	1807 	1792
f 1792 	1807 	1793
f 1807 	1808 	1793
f 1793 	1808 	1794
f 1808 	1809 	1794
f 1794 	1809 	1795
f 1809 	1810 	1795
f 1795 	1810 	1796
f 1810 	1811 	1796
f 1796 	1811 	1797
f 1811 	1812 	1797
f 1797 	1812 	1798
f 1812 	1813 	1798
f 1798 	1813 	1799
f 1813 	1814 	1799
f 1799 	1814 	1800
f 1814 	1815 	1800
f 1800 	1815 	1801
f 1815 	1816 	1801
f 1801 	1816 	1802
f 1816 	1817 	1802
f 1802 	1817 	1803
f 1817 	1818 	1803
f 1803 	1818 	1727
f 1728 	1804 	1789
f 1804 	1819 	1805
f 1819 	1820 	1805
f 1805 	1820 	1806
f 1820 	1821 	1806
f 1806 	1821 	1807
f 1821 	1822 	1807
f 1807 	1822 	1808
f 1822 	1823 	1808
f 1808 	1823 	1809
f 1823 	1824 	1809
f 1809 	1824 	1810
f 1824 	1825 	1810
f 1810 	1825 	1811
f 1825 	1826 	1811
f 1811 	1826 	1812
f 1826 	1827 	1812
f 1812 	1827 	1813
f 1827 	1828 	1813
f 1813 	1828 	1814
f 1828 	1829 	1814
f 1814 	1829 	1815
f 1829 	1830 	1815
f 1815 	1830 	1816
f 1830 	1831 	1816
f 1816 	1831 	1817
f 1831 	1832 	1817
f 1817 	1832 	1818
f 1832 	1833 	1818
f 1818 	1833 	1727
f 1728 	1819 	1804
f 1819 	1834 	1820
f 1834 	1835 	1820
f 1820 	1835 	1821
f 1835 	1836 	1821
f 1821 	1836 	1822
f 1836 	1837 	1822
f 1822 	1837 	1823
f 1837 	1838 	1823
f 1823 	1838 	1824
f 1838 	1839 	1824
f 1824 	1839 	1825
f 1839 	1840 	1825
f 1825 	1840 	1826
f 1840 	1841 	1826
f 1826 	1841 	1827
f 1841 	1842 	1827
f 1827 	1842 	1828
f 1842 	1843 	1828
f 1828 	1843 	1829
f 1843 	1844 	1829
f 1829 	1844 	1830
f 1844 	1845 	1830
f 1830 	1845 	1831
f 1845 	1846 	1831
f 1831 	1846 	1832
f 1846 	1847 	1832
f 1832 	1847 	1833
f 1847 	1848 	1833
f 1833 	1848 	1727
f 1728 	1834 	1819
f 1834 	1849 	1835
f 1849 	1850 	1835
f 1835 	1850 	1836
f 1850 	1851 	1836
f 1836 	1851 	1837
f 1851 	1852 	1837
f 1837 	1852 	1838
f 1852 	1853 	1838
f 1838 	1853 	1839
f 1853 	1854 	1839
f 1839 	1854 	1840
f 1854 	1855 	1840
f 1840 	1855 	1841
f 1855 	1856 	1841
f 1841 	1856 	1842
f 1856 	1857 	1842
f 1842 	1857 	1843
f 1857 	1858 	1843
f 1843 	1858 	1844
f 1858 	1859 	1844
f 1844 	1859 	1845
f 1859 	1860 	1845
f 1845 	1860 	1846
f 1860 	1861 	1846
f 1846 	1861 	1847
f 1861 	1862 	1847
f 1847 	1862 	1848
f 1862 	1863 	1848
f 1848 	1863 	1727
f 1728 	1849 	1834
f 1849 	1864 	1850
f 1864 	1865 	1850
f 1850 	1865 	1851
f 1865 	1866 	1851
f 1851 	1866 	1852
f 1866 	1867 	1852
f 1852 	1867 	1853
f 1867 	1868 	1853
f 1853 	1868 	1854
f 1868 	1869 	1854
f 1854 	1869 	1855
f 1869 	1870 	1855
f 1855 	1870 	1856
f 1870 	1871 	1856
f 1856 	1871 	1857
f 1871 	1872 	1857
f 1857 	1872 	1858
f 1872 	1873 	1858
f 1858 	1873 	1859
f 1873 	1874 	1859
f 1859 	1874 	1860
f 1874 	1875 	1860
f 1860 	1875 	1861
f 1875 	1876 	1861
f 1861 	1876 	1862
f 1876 	1877 	1862
f 1862 	1877 	1863
f 1877 	1878 	1863
f 1863 	1878 	1727
f 1728 	1864 	1849
f 1864 	1879 	1865
f 1879 	1880 	1865
f 1865 	1880 	1866
f 1880 	1881 	1866
f 1866 	1881 	1867
f 1881 	1882 	1867
f 1867 	1882 	1868
f 1882 	1883 	1868
f 1868 	1883 	1869
f 1883 	1884 	1869
f 1869 	1884 	1870
f 1884 	1885 	1870
f 1870 	1885 	1871
f 1885 	1886 	1871
f 1871 	1886 	1872
f 1886 	1887 	1872
f 1872 	1887 	1873
f 1887 	1888 	1873
f 1873 	1888 	1874
f 1888 	1889 	1874
f 1874 	1889 	1875
f 1889 	1890 	1875
f 1875 	1890 	1876
f 1890 	1891 	1876
f 1876 	1891 	1877
f 1891 	1892 	1877
f 1877 	1892 	1878
f 1892 	1893 	1878
f 1878 	1893 	1727
f 1728 	1879 	1864
f 1879 	1894 	1880
f 1894 	1895 	1880
f 1880 	1895 	1881
f 1895 	1896 	1881
f 1881 	1896 	1882
f 1896 	1897 	1882
f 1882 	1897 	1883
f 1897 	1898 	1883
f 1883 	1898 	1884
f 1898 	1899 	1884
f 1884 	1899 	1885
f 1899 	1900 	1885
f 1885 	1900 	1886
f 1900 	1901 	1886
f 1886 	1901 	1887
f 1901 	1902 	1887
f 1887 	1902 	1888
f 1902 	1903 	1888
f 1888 	1903 	1889
f 1903 	1904 	1889
f 1889 	1904 	1890
f 1904 	1905 	1890
f 1890 	1905 	1891
f 1905 	1906 	1891
f 1891 	1906 	1892
f 1906 	1907 	1892
f 1892 	1907 	1893
f 1907 	1908 	1893
f 1893 	1908 	1727
f 1728 	1894 	1879
f 1894 	1909 	1895
f 1909 	1910 	1895
f 1895 	1910 	1896
f 1910 	1911 	1896
f 1896 	1911 	1897
f 1911 	1912 	1897
f 1897 	1912 	1898
f 1912 	1913 	1898
f 1898 	1913 	1899
f 1913 	1914 	1899
f 1899 	1914 	1900
f 1914 	1915 	1900
f 1900 	1915 	1901
f 1915 	1916 	1901
f 1901 	1916 	1902
f 1916 	1917 	1902
f 1902 	1917 	1903
f 1917 	1918 	1903
f 1903 	1918 	1904
f 1918 	1919 	1904
f 1904 	1919 	1905
f 1919 	1920 	1905
f 1905 	1920 	1906
f 1920 	1921 	1906
f 1906 	1921 	1907
f 1921 	1922 	1907
f 1907 	1922 	1908
f 1922 	1923 	1908
f 1908 	1923 	1727
f 1728 	1909 	1894
f 1909 	1924 	1910
f 1924 	1925 	1910
f 1910 	1925 	1911
f 1925 	1926 	1911
f 1911 	1926 	1912
f 1926 	1927 	1912
f 1912 	1927 	1913
f 1927 	1928 	1913
f 1913 	1928 	1914
f 1928 	1929 	1914
f 1914 	1929 	1915
f 1929 	1930 	1915
f 1915 	1930 	1916
f 1930 	1931 	1916
f 1916 	1931 	1917
f 1931 	1932 	1917
f 1917 	1932 	1918
f 1932 	1933 	1918
f 1918 	1933 	1919
f 1933 	1934 	1919
f 1919 	1934 	1920
f 1934 	1935 	1920
f 1920 	1935 	1921
f 1935 	1936 	1921
f 1921 	1936 	1922
f 1936 	1937 	1922
f 1922 	1937 	1923
f 1937 	1938 	1923
f 1923 	1938 	1727
f 1728 	1924 	1909
f 1924 	1939 	1925
f 1939 	1940 	1925
f 1925 	1940 	1926
f 1940 	1941 	1926
f 1926 	1941 	1927
f 1941 	1942 	1927
f 1927 	1942 	1928
f 1942 	1943 	1928
f 1928 	1943 	1929
f 1943 	1944 	1929
f 1929 	1944 	1930
f 1944 	1945 	1930
f 1930 	1945 	1931
f 1945 	1946 	1931
f 1931 	1946 	1932
f 1946 	1947 	1932
f 1932 	1947 	1933
f 1947 	1948 	1933
f 1933 	1948 	1934
f 1948 	1949 	1934
f 1934 	1949 	1935
f 1949 	1950 	1935
f 1935 	1950 	1936
f 1950 	1951 	1936
f 1936 	1951 	1937
f 1951 	1952 	1937
f 1937 	1952 	1938
f 1952 	1953 	1938
f 1938 	1953 	1727
f 1728 	1939 	1924
f 1939 	1954 	1940
f 1954 	1955 	1940
f 1940 	1955 	1941
f 1955 	1956 	1941
f 1941 	1956 	1942
f 1956 	1957 	1942
f 1942 	1957 	1943
f 1957 	1958 	1943
f 1943 	1958 	1944
f 1958 	1959 	1944
f 1944 	1959 	1945
f 1959 	1960 	1945
f 1945 	1960 	1946
f 1960 	1961 	1946
f 1946 	1961 	1947
f 1961 	1962 	1947
f 1947 	1962 	1948
f 1962 	1963 	1948
f 1948 	1963 	1949
f 1963 	1964 	1949
f 1949 	1964 	1950
f 1964 	1965 	1950
f 1950 	1965 	1951
f 1965 	1966 	1951
f 1951 	1966 	1952
f 1966 	1967 	1952
f 1952 	1967 	1953
f 1967 	1968 	1953
f 1953 	1968 	1727
f 1728 	1954 	1939
f 1954 	1969 	1955
f 1969 	1970 	1955
f 1955 	1970 	1956
f 1970 	1971 	1956
f 1956 	1971 	1957
f 1971 	1972 	1957
f 1957 	1972 	1958
f 1972 	1973 	1958
f 1958 	1973 	1959
f 1973 	1974 	1959
f 1959 	1974 	1960
f 1974 	1975 	1960
f 1960 	1975 	1961
f 1975 	1976 	1961
f 1961 	1976 	1962
f 1976 	1977 	1962
f 1962 	1977 	1963
f 1977 	1978 	1963
f 1963 	1978 	1964
f 1978 	1979 	1964
f 1964 	1979 	1965
f 1979 	1980 	1965
f 1965 	1980 	1966
f 1980 	1981 	1966
f 1966 	1981 	1967
f 1981 	1982 	1967
f 1967 	1982 	1968
f 1982 	1983 	1968
f 1968 	1983 	1727
f 1728 	1969 	1954
f 1969 	1984 	1970
f 1984 	1985 	1970
f 1970 	1985 	1971
f 1985 	1986 	1971
f 1971 	1986 	1972
f 1986 	1987 	1972
f 1972 	1987 	1973
f 1987 	1988 	1973
f 1973 	1988 	1974
f 1988 	1989 	1974
f 1974 	1989 	1975
f 1989 	1990 	1975
f 1975 	1990 	1976
f 1990 	1991 	1976
f 1976 	1991 	1977
f 1991 	1992 	1977
f 1977 	1992 	1978
f 1992 	1993 	1978
f 1978 	1993 	1979
f 1993 	1994 	1979
f 1979 	1994 	1980
f 1994 	1995 	1980
f 1980 	1995 	1981
f 1995 	1996 	1981
f 1981 	1996 	1982
f 1996 	1997 	1982
f 1982 	1997 	1983
f 1997 	1998 	1983
f 1983 	1998 	1727
f 1728 	1984 	1969
f 1984 	1999 	1985
f 1999 	2000 	1985
f 1985 	2000 	1986
f 2000 	2001 	1986
f 1986 	2001 	1987
f 2001 	2002 	1987
f 1987 	2002 	1988
f 2002 	2003 	1988
f 1988 	2003 	1989
f 2003 	2004 	1989
f 1989 	2004 	1990
f 2004 	2005 	1990
f 1990 	2005 	1991
f 2005 	2006 	1991
f 1991 	2006 	1992
f 2006 	2007 	1992
f 1992 	2007 	1993
f 2007 	2008 	1993
f 1993 	2008 	1994
f 2008 	2009 	1994
f 1994 	2009 	1995
f 2009 	2010 	1995
f 1995 	2010 	1996
f 2010 	2011 	1996
f 1996 	2011 	1997
f 2011 	2012 	1997
f 1997 	2012 	1998
f 2012 	2013 	1998
f 1998 	2013 	1727
f 1728 	1999 	1984
f 1999 	2014 	2000
f 2014 	2015 	2000
f 2000 	2015 	2001
f 2015 	2016 	2001
f 2001 	2016 	2002
f 2016 	2017 	2002
f 2002 	2017 	2003
f 2017 	2018 	2003
f 2003 	2018 	2004
f 2018 	2019 	2004
f 2004 	2019 	2005
f 2019 	2020 	2005
f 2005 	2020 	2006
f 2020 	2021 	2006
f 2006 	2021 	2007
f 2021 	2022 	2007
f 2007 	2022 	2008
f 2022 	2023 	2008
f 2008 	2023 	2009
f 2023 	2024 	2009
f 2009 	2024 	2010
f 2024 	2025 	2010
f 2010 	2025 	2011
f 2025 	2026 	2011
f 2011 	2026 	2012
f 2026 	2027 	2012
f 2012 	2027 	2013
f 2027 	2028 	2013
f 2013 	2028 	1727
f 1728 	2014 	1999
f 2014 	2029 	2015
f 2029 	2030 	2015
f 2015 	2030 	2016
f 2030 	2031 	2016
f 2016 	2031 	2017
f 2031 	2032 	2017
f 2017 	2032 	2018
f 2032 	2033 	2018
f 2018 	2033 	2019
f 2033 	2034 	2019
f 2019 	2034 	2020
f 2034 	2035 	2020
f 2020 	2035 	2021
f 2035 	2036 	2021
f 2021 	2036 	2022
f 2036 	2037 	2022
f 2022 	2037 	2023
f 2037 	2038 	2023
f 2023 	2038 	2024
f 2038 	2039 	2024
f 2024 	2039 	2025
f 2039 	2040 	2025
f 2025 	2040 	2026
f 2040 	2041 	2026
f 2026 	2041 	2027
f 2041 	2042 	2027
f 2027 	2042 	2028
f 2042 	2043 	2028
f 2028 	2043 	1727
f 1728 	2029 	2014
f 2029 	2044 	2030
f 2044 	2045 	2030
f 2030 	2045 	2031
f 2045 	2046 	2031
f 2031 	2046 	2032
f 2046 	2047 	2032
f 2032 	2047 	2033
f 2047 	2048 	2033
f 2033 	2048 	2034
f 2048 	2049 	2034
f 2034 	2049 	2035
f 2049 	2050 	2035
f 2035 	2050 	2036
f 2050 	2051 	2036
f 2036 	2051 	2037
f 2051 	2052 	2037
f 2037 	2052 	2038
f 2052 	2053 	2038
f 2038 	2053 	2039
f 2053 	2054 	2039
f 2039 	2054 	2040
f 2054 	2055 	2040
f 2040 	2055 	2041
f 2055 	2056 	2041
f 2041 	2056 	2042
f 2056 	2057 	2042
f 2042 	2057 	2043
f 2057 	2058 	2043
f 2043 	2058 	1727
f 1728 	2044 	2029
f 2044 	2059 	2045
f 2059 	2060 	2045
f 2045 	2060 	2046
f 2060 	2061 	2046
f 2046 	2061 	2047
f 2061 	2062 	2047
f 2047 	2062 	2048
f 2062 	2063 	2048
f 2048 	2063 	2049
f 2063 	2064 	2049
f 2049 	2064 	2050
f 2064 	2065 	2050
f 2050 	2065 	2051
f 2065 	2066 	2051
f 2051 	2066 	2052
f 2066 	2067 	2052
f 2052 	2067 	2053
f 2067 	2068 	2053
f 2053 	2068 	2054
f 2068 	2069 	2054
f 2054 	2069 	2055
f 2069 	2070 	2055
f 2055 	2070 	2056
f 2070 	2071 	2056
f 2056 	2071 	2057
f 2071 	2072 	2057
f 2057 	2072 	2058
f 2072 	2073 	2058
f 2058 	2073 	1727
f 1728 	2059 	2044
f 2059 	2074 	2060
f 2074 	2075 	2060
f 2060 	2075 	2061
f 2075 	2076 	2061
f 2061 	2076 	2062
f 2076 	2077 	2062
f 2062 	2077 	2063
f 2077 	2078 	2063
f 2063 	2078 	2064
f 2078 	2079 	2064
f 2064 	2079 	2065
f 2079 	2080 	2065
f 2065 	2080 	2066
f 2080 	2081 	2066
f 2066 	2081 	2067
f 2081 	2082 	2067
f 2067 	2082 	2068
f 2082 	2083 	2068
f 2068 	2083 	2069
f 2083 	2084 	2069
f 2069 	2084 	2070
f 2084 	2085 	2070
f 2070 	2085 	2071
f 2085 	2086 	2071
f 2071 	2086 	2072
f 2086 	2087 	2072
f 2072 	2087 	2073
f 2087 	2088 	2073
f 2073 	2088 	1727
f 1728 	2074 	2059
f 2074 	2089 	2075
f 2089 	2090 	2075
f 2075 	2090 	2076
f 2090 	2091 	2076
f 2076 	2091 	2077
f 2091 	2092 	2077
f 2077 	2092 	2078
f 2092 	2093 	2078
f 2078 	2093 	2079
f 2093 	2094 	2079
f 2079 	2094 	2080
f 2094 	2095 	2080
f 2080 	2095 	2081
f 2095 	2096 	2081
f 2081 	2096 	2082
f 2096 	2097 	2082
f 2082 	2097 	2083
f 2097 	2098 	2083
f 2083 	2098 	2084
f 2098 	2099 	2084
f 2084 	2099 	2085
f 2099 	2100 	2085
f 2085 	2100 	2086
f 2100 	2101 	2086
f 2086 	2101 	2087
f 2101 	2102 	2087
f 2087 	2102 	2088
f 2102 	2103 	2088
f 2088 	2103 	1727
f 1728 	2089 	2074
f 2089 	2104 	2090
f 2104 	2105 	2090
f 2090 	2105 	2091
f 2105 	2106 	2091
f 2091 	2106 	2092
f 2106 	2107 	2092
f 2092 	2107 	2093
f 2107 	2108 	2093
f 2093 	2108 	2094
f 2108 	2109 	2094
f 2094 	2109 	2095
f 2109 	2110 	2095
f 2095 	2110 	2096
f 2110 	2111 	2096
f 2096 	2111 	2097
f 2111 	2112 	2097
f 2097 	2112 	2098
f 2112 	2113 	2098
f 2098 	2113 	2099
f 2113 	2114 	2099
f 2099 	2114 	2100
f 2114 	2115 	2100
f 2100 	2115 	2101
f 2115 	2116 	2101
f 2101 	2116 	2102
f 2116 	2117 	2102
f 2102 	2117 	2103
f 2117 	2118 	2103
f 2103 	2118 	1727
f 1728 	2104 	2089
f 2104 	1697 	2105
f 1697 	1699 	2105
f 2105 	1699 	2106
f 1699 	1701 	2106
f 2106 	1701 	2107
f 1701 	1703 	2107
f 2107 	1703 	2108
f 1703 	1705 	2108
f 2108 	1705 	2109
f 1705 	1707 	2109
f 2109 	1707 	2110
f 1707 	1709 	2110
f 2110 	1709 	2111
f 1709 	1711 	2111
f 2111 	1711 	2112
f 1711 	1713 	2112
f 2112 	1713 	2113
f 1713 	1715 	2113
f 2113 	1715 	2114
f 1715 	1717 	2114
f 2114 	1717 	2115
f 1717 	1719 	2115
f 2115 	1719 	2116
f 1719 	1721 	2116
f 2116 	1721 	2117
f 1721 	1723 	2117
f 2117 	1723 	2118
f 1723 	1725 	2118
f 2118 	1725 	1727
f 1728 	1697 	2104
f 2119 	2120 	2121
f 2120 	2122 	2121
f 2121 	2122 	2123
f 2122 	2124 	2123
f 2123 	2124 	2125
f 2124 	2126 	2125
f 2125 	2126 	2119
f 2126 	2120 	2119
f 2120 	2127 	2122
f 2127 	2128 	2122
f 2122 	2128 	2124
f 2128 	2129 	2124
f 2124 	2129 	2126
f 2129 	2130 	2126
f 2126 	2130 	2120
f 2130 	2127 	2120
f 2127 	2131 	2128
f 2131 	2132 	2128
f 2128 	2132 	2129
f 2132 	2133 	2129
f 2129 	2133 	2130
f 2133 	2134 	2130
f 2130 	2134 	2127
f 2134 	2131 	2127
f 2131 	2135 	2132
f 2135 	2136 	2132
f 2132 	2136 	2133
f 2136 	2137 	2133
f 2133 	2137 	2134
f 2137 	2138 	2134
f 2134 	2138 	2131
f 2138 	2135 	2131
f 2135 	2139 	2136
f 2139 	2140 	2136
f 2136 	2140 	2137
f 2140 	2141 	2137
f 2137 	2141 	2138
f 2141 	2142 	2138
f 2138 	2142 	2135
f 2142 	2139 	2135
f 2139 	2143 	2140
f 2143 	2144 	2140
f 2140 	2144 	2141
f 2144 	2145 	2141
f 2141 	2145 	2142
f 2145 	2146 	2142
f 2142 	2146 	2139
f 2146 	2143 	2139
f 2143 	2147 	2144
f 2147 	2148 	2144
f 2144 	2148 	2145
f 2148 	2149 	2145
f 2145 	2149 	2146
f 2149 	2150 	2146
f 2146 	2150 	2143
f 2150 	2147 	2143
f 2147 	2151 	2148
f 2151 	2152 	2148
f 2148 	2152 	2149
f 2152 	2153 	2149
f 2149 	2153 	2150
f 2153 	2154 	2150
f 2150 	2154 	2147
f 2154 	2151 	2147
f 2151 	2155 	2152
f 2155 	2156 	2152
f 2152 	2156 	2153
f 2156 	2157 	2153
f 2153 	2157 	2154
f 2157 	2158 	2154
f 2154 	2158 	2151
f 2158 	2155 	2151
f 2155 	2159 	2156
f 2159 	2160 	2156
f 2156 	2160 	2157
f 2160 	2161 	2157
f 2157 	2161 	2158
f 2161 	2162 	2158
f 2158 	2162 	2155
f 2162 	2159 	2155
f 2159 	2163 	2160
f 2163 	2164 	2160
f 2160 	2164 	2161
f 2164 	2165 	2161
f 2161 	2165 	2162
f 2165 	2166 	2162
f 2162 	2166 	2159
f 2166 	2163 	2159
f 2163 	2167 	2164
f 2167 	2168 	2164
f 2164 	2168 	2165
f 2168 	2169 	2165
f 2165 	2169 	2166
f 2169 	2170 	2166
f 2166 	2170 	2163
f 2170 	2167 	2163
f 2167 	2171 	2168
f 2171 	2172 	2168
f 2168 	2172 	2169
f 2172 	2173 	2169
f 2169 	2173 	2170
f 2173 	2174 	2170
f 2170 	2174 	2167
f 2174 	2171 	2167
f 2171 	2175 	2172
f 2175 	2176 	2172
f 2172 	2176 	2173
f 2176 	2177 	2173
f 2173 	2177 	2174
f 2177 	2178 	2174
f 2174 	2178 	2171
f 2178 	2175 	2171
f 2175 	2179 	2176
f 2179 	2180 	2176
f 2176 	2180 	2177
f 2180 	2181 	2177
f 2177 	2181 	2178
f 2181 	2182 	2178
f 2178 	2182 	2175
f 2182 	2179 	2175
f 2179 	2183 	2180
f 2183 	2184 	2180
f 2180 	2184 	2181
f 2184 	2185 	2181
f 2181 	2185 	2182
f 2185 	2186 	2182
f 2182 	2186 	2179
f 2186 	2183 	2179
f 2183 	2187 	2184
f 2187 	2188 	2184
f 2184 	2188 	2185
f 2188 	2189 	2185
f 2185 	2189 	2186
f 2189 	2190 	2186
f 2186 	2190 	2183
f 2190 	2187 	2183
f 2187 	2191 	2188
f 2191 	2192 	2188
f 2188 	2192 	2189
f 2192 	2193 	2189
f 2189 	2193 	2190
f 2193 	2194 	2190
f 2190 	2194 	2187
f 2194 	2191 	2187
f 2191 	2195 	2192
f 2195 	2196 	2192
f 2192 	2196 	2193
f 2196 	2197 	2193
f 2193 	2197 	2194
f 2197 	2198 	2194
f 2194 	2198 	2191
f 2198 	2195 	2191
f 2195 	2199 	2196
f 2199 	2200 	2196
f 2196 	2200 	2197
f 2200 	2201 	2197
f 2197 	2201 	2198
f 2201 	2202 	2198
f 2198 	2202 	2195
f 2202 	2199 	2195
f 2199 	2203 	2200
f 2203 	2204 	2200
f 2200 	2204 	2201
f 2204 	2205 	2201
f 2201 	2205 	2202
f 2205 	2206 	2202
f 2202 	2206 	2199
f 2206 	2203 	2199
f 2203 	2207 	2204
f 2207 	2208 	2204
f 2204 	2208 	2205
f 2208 	2209 	2205
f 2205 	2209 	2206
f 2209 	2210 	2206
f 2206 	2210 	2203
f 2210 	2207 	2203
f 2207 	2211 	2208
f 2211 	2212 	2208
f 2208 	2212 	2209
f 2212 	2213 	2209
f 2209 	2213 	2210
f 2213 	2214 	2210
f 2210 	2214 	2207
f 2214 	2211 	2207
f 2211 	2215 	2212
f 2215 	2216 	2212
f 2212 	2216 	2213
f 2216 	2217 	2213
f 2213 	2217 	2214
f 2217 	2218 	2214
f 2214 	2218 	2211
f 2218 	2215 	2211
f 2215 	2219 	2216
f 2219 	2220 	2216
f 2216 	2220 	2217
f 2220 	2221 	2217
f 2217 	2221 	2218
f 2221 	2222 	2218
f 2218 	2222 	2215
f 2222 	2219 	2215
f 2219 	2223 	2220
f 2223 	2224 	2220
f 2220 	2224 	2221
f 2224 	2225 	2221
f 2221 	2225 	2222
f 2225 	2226 	2222
f 2222 	2226 	2219
f 2226 	2223 	2219
f 2223 	2227 	2224
f 2227 	2228 	2224
f 2224 	2228 	2225
f 2228 	2229 	2225
f 2225 	2229 	2226
f 2229 	2230 	2226
f 2226 	2230 	2223
f 2230 	2227 	2223
f 2227 	2119 	2228
f 2119 	2121 	2228
f 2228 	2121 	2229
f 2121 	2123 	2229
f 2229 	2123 	2230
f 2123 	2125 	2230
f 2230 	2125 	2227
f 2125 	2119 	2227
f 2231 	2232 	2233
f 2232 	2234 	2233
f 2233 	2234 	2235
f 2234 	2236 	2235
f 2235 	2236 	2237
f 2236 	2238 	2237
f 2237 	2238 	2239
f 2238 	2240 	2239
f 2239 	2240 	2241
f 2240 	2242 	2241
f 2241 	2242 	2231
f 2242 	2232 	2231
f 2232 	2243 	2234
f 2243 	2244 	2234
f 2234 	2244 	2236
f 2244 	2245 	2236
f 2236 	2245 	2238
f 2245 	2246 	2238
f 2238 	2246 	2240
f 2246 	2247 	2240
f 2240 	2247 	2242
f 2247 	2248 	2242
f 2242 	2248 	2232
f 2248 	2243 	2232
f 2243 	2249 	2244
f 2249 	2250 	2244
f 2244 	2250 	2245
f 2250 	2251 	2245
f 2245 	2251 	2246
f 2251 	2252 	2246
f 2246 	2252 	2247
f 2252 	2253 	2247
f 2247 	2253 	2248
f 2253 	2254 	2248
f 2248 	2254 	2243
f 2254 	2249 	2243
f 2249 	2255 	2250
f 2255 	2256 	2250
f 2250 	2256 	2251
f 2256 	2257 	2251
f 2251 	2257 	2252
f 2257 	2258 	2252
f 2252 	2258 	2253
f 2258 	2259 	2253
f 2253 	2259 	2254
f 2259 	2260 	2254
f 2254 	2260 	2249
f 2260 	2255 	2249
f 2255 	2261 	2256
f 2261 	2262 	2256
f 2256 	2262 	2257
f 2262 	2263 	2257
f 2257 	2263 	2258
f 2263 	2264 	2258
f 2258 	2264 	2259
f 2264 	2265 	2259
f 2259 	2265 	2260
f 2265 	2266 	2260
f 2260 	2266 	2255
f 2266 	2261 	2255
f 2261 	2267 	2262
f 2267 	2268 	2262
f 2262 	2268 	2263
f 2268 	2269 	2263
f 2263 	2269 	2264
f 2269 	2270 	2264
f 2264 	2270 	2265
f 2270 	2271 	2265
f 2265 	2271 	2266
f 2271 	2272 	2266
f 2266 	2272 	2261
f 2272 	2267 	2261
f 2267 	2273 	2268
f 2273 	2274 	2268
f 2268 	2274 	2269
f 2274 	2275 	2269
f 2269 	2275 	2270
f 2275 	2276 	2270
f 2270 	2276 	2271
f 2276 	2277 	2271
f 2271 	2277 	2272
f 2277 	2278 	2272
f 2272 	2278 	2267
f 2278 	2273 	2267
f 2273 	2279 	2274
f 2279 	2280 	2274
f 2274 	2280 	2275
f 2280 	2281 	2275
f 2275 	2281 	2276
f 2281 	2282 	2276
f 2276 	2282 	2277
f 2282 	2283 	2277
f 2277 	2283 	2278
f 2283 	2284 	2278
f 2278 	2284 	2273
f 2284 	2279 	2273
f 2279 	2285 	2280
f 2285 	2286 	2280
f 2280 	2286 	2281
f 2286 	2287 	2281
f 2281 	2287 	2282
f 2287 	2288 	2282
f 2282 	2288 	2283
f 2288 	2289 	2283
f 2283 	2289 	2284
f 2289 	2290 	2284
f 2284 	2290 	2279
f 2290 	2285 	2279
f 2285 	2291 	2286
f 2291 	2292 	2286
f 2286 	2292 	2287
f 2292 	2293 	2287
f 2287 	2293 	2288
f 2293 	2294 	2288
f 2288 	2294 	2289
f 2294 	2295 	2289
f 2289 	2295 	2290
f 2295 	2296 	2290
f 2290 	2296 	2285
f 2296 	2291 	2285
f 2291 	2297 	2292
f 2297 	2298 	2292
f 2292 	2298 	2293
f 2298 	2299 	2293
f 2293 	2299 	2294
f 2299 	2300 	2294
f 2294 	2300 	2295
f 2300 	2301 	2295
f 2295 	2301 	2296
f 2301 	2302 	2296
f 2296 	2302 	2291
f 2302 	2297 	2291
f 2297 	2303 	2298
f 2303 	2304 	2298
f 2298 	2304 	2299
f 2304 	2305 	2299
f 2299 	2305 	2300
f 2305 	2306 	2300
f 2300 	2306 	2301
f 2306 	2307 	2301
f 2301 	2307 	2302
f 2307 	2308 	2302
f 2302 	2308 	2297
f 2308 	2303 	2297
f 2303 	2309 	2304
f 2309 	2310 	2304
f 2304 	2310 	2305
f 2310 	2311 	2305
f 2305 	2311 	2306
f 2311 	2312 	2306
f 2306 	2312 	2307
f 2312 	2313 	2307
f 2307 	2313 	2308
f 2313 	2314 	2308
f 2308 	2314 	2303
f 2314 	2309 	2303
f 2309 	2315 	2310
f 2315 	2316 	2310
f 2310 	2316 	2311
f 2316 	2317 	2311
f 2311 	2317 	2312
f 2317 	2318 	2312
f 2312 	2318 	2313
f 2318 	2319 	2313
f 2313 	2319 	2314
f 2319 	2320 	2314
f 2314 	2320 	2309
f 2320 	2315 	2309
f 2315 	2321 	2316
f 2321 	2322 	2316
f 2316 	2322 	2317
f 2322 	2323 	2317
f 2317 	2323 	2318
f 2323 	2324 	2318
f 2318 	2324 	2319
f 2324 	2325 	2319
f 2319 	2325 	2320
f 2325 	2326 	2320
f 2320 	2326 	2315
f 2326 	2321 	2315
f 2321 	2327 	2322
f 2327 	2328 	2322
f 2322 	2328 	2323
f 2328 	2329 	2323
f 2323 	2329 	2324
f 2329 	2330 	2324
f 2324 	2330 	2325
f 2330 	2331 	2325
f 2325 	2331 	2326
f 2331 	2332 	2326
f 2326 	2332 	2321
f 2332 	2327 	2321
f 2327 	2333 	2328
f 2333 	2334 	2328
f 2328 	2334 	2329
f 2334 	2335 	2329
f 2329 	2335 	2330
f 2335 	2336 	2330
f 2330 	2336 	2331
f 2336 	2337 	2331
f 2331 	2337 	2332
f 2337 	2338 	2332
f 2332 	2338 	2327
f 2338 	2333 	2327
f 2333 	2339 	2334
f 2339 	2340 	2334
f 2334 	2340 	2335
f 2340 	2341 	2335
f 2335 	2341 	2336
f 2341 	2342 	2336
f 2336 	2342 	2337
f 2342 	2343 	2337
f 2337 	2343 	2338
f 2343 	2344 	2338
f 2338 	2344 	2333
f 2344 	2339 	2333
f 2339 	2345 	2340
f 2345 	2346 	2340
f 2340 	2346 	2341
f 2346 	2347 	2341
f 2341 	2347 	2342
f 2347 	2348 	2342
f 2342 	2348 	2343
f 2348 	2349 	2343
f 2343 	2349 	2344
f 2349 	2350 	2344
f 2344 	2350 	2339
f 2350 	2345 	2339
f 2345 	2351 	2346
f 2351 	2352 	2346
f 2346 	2352 	2347
f 2352 	2353 	2347
f 2347 	2353 	2348
f 2353 	2354 	2348
f 2348 	2354 	2349
f 2354 	2355 	2349
f 2349 	2355 	2350
f 2355 	2356 	2350
f 2350 	2356 	2345
f 2356 	2351 	2345
f 2351 	2357 	2352
f 2357 	2358 	2352
f 2352 	2358 	2353
f 2358 	2359 	2353
f 2353 	2359 	2354
f 2359 	2360 	2354
f 2354 	2360 	2355
f 2360 	2361 	2355
f 2355 	2361 	2356
f 2361 	2362 	2356
f 2356 	2362 	2351
f 2362 	2357 	2351
f 2357 	2363 	2358
f 2363 	2364 	2358
f 2358 	2364 	2359
f 2364 	2365 	2359
f 2359 	2365 	2360
f 2365 	2366 	2360
f 2360 	2366 	2361
f 2366 	2367 	2361
f 2361 	2367 	2362
f 2367 	2368 	2362
f 2362 	2368 	2357
f 2368 	2363 	2357
f 2363 	2369 	2364
f 2369 	2370 	2364
f 2364 	2370 	2365
f 2370 	2371 	2365
f 2365 	2371 	2366
f 2371 	2372 	2366
f 2366 	2372 	2367
f 2372 	2373 	2367
f 2367 	2373 	2368
f 2373 	2374 	2368
f 2368 	2374 	2363
f 2374 	2369 	2363
f 2369 	2375 	2370
f 2375 	2376 	2370
f 2370 	2376 	2371
f 2376 	2377 	2371
f 2371 	2377 	2372
f 2377 	2378 	2372
f 2372 	2378 	2373
f 2378 	2379 	2373
f 2373 	2379 	2374
f 2379 	2380 	2374
f 2374 	2380 	2369
f 2380 	2375 	2369
f 2375 	2381 	2376
f 2381 	2382 	2376
f 2376 	2382 	2377
f 2382 	2383 	2377
f 2377 	2383 	2378
f 2383 	2384 	2378
f 2378 	2384 	2379
f 2384 	2385 	2379
f 2379 	2385 	2380
f 2385 	2386 	2380
f 2380 	2386 	2375
f 2386 	2381 	2375
f 2381 	2387 	2382
f 2387 	2388 	2382
f 2382 	2388 	2383
f 2388 	2389 	2383
f 2383 	2389 	2384
f 2389 	2390 	2384
f 2384 	2390 	2385
f 2390 	2391 	2385
f 2385 	2391 	2386
f 2391 	2392 	2386
f 2386 	2392 	2381
f 2392 	2387 	2381
f 2387 	2393 	2388
f 2393 	2394 	2388
f 2388 	2394 	2389
f 2394 	2395 	2389
f 2389 	2395 	2390
f 2395 	2396 	2390
f 2390 	2396 	2391
f 2396 	2397 	2391
f 2391 	2397 	2392
f 2397 	2398 	2392
f 2392 	2398 	2387
f 2398 	2393 	2387
f 2393 	2231 	2394
f 2231 	2233 	2394
f 2394 	2233 	2395
f 2233 	2235 	2395
f 2395 	2235 	2396
f 2235 	2237 	2396
f 2396 	2237 	2397
f 2237 	2239 	2397
f 2397 	2239 	2398
f 2239 	2241 	2398
f 2398 	2241 	2393
f 2241 	2231 	2393
# 1400 faces

 #end of obj_4

o obj_5
v 84 		29.9607 		21
v 83.8118 		27.0891 		21
v 83.8118 		27.1137 		20.6422
v 83.8118 		27.1869 		20.2906
v 83.8118 		27.3077 		19.951
v 83.8118 		27.4738 		19.6295
v 83.8118 		27.6825 		19.3314
v 83.8118 		27.9302 		19.0618
v 83.8118 		28.2126 		18.8254
v 83.8118 		28.5249 		18.6262
v 83.8118 		28.8618 		18.4676
v 83.8118 		29.2175 		18.3523
v 83.8118 		29.5859 		18.2824
v 83.8118 		29.9607 		18.2589
v 83.8118 		30.3355 		18.2824
v 83.8118 		30.7039 		18.3523
v 83.8118 		31.0596 		18.4676
v 83.8118 		31.3965 		18.6262
v 83.8118 		31.7088 		18.8254
v 83.8118 		31.9912 		19.0618
v 83.8118 		32.2389 		19.3314
v 83.8118 		32.4475 		19.6295
v 83.8118 		32.6137 		19.951
v 83.8118 		32.7344 		20.2906
v 83.8118 		32.8077 		20.6422
v 83.8118 		32.8323 		21
v 83.8118 		32.8077 		21.3578
v 83.8118 		32.7344 		21.7094
v 83.8118 		32.6137 		22.049
v 83.8118 		32.4475 		22.3705
v 83.8118 		32.2389 		22.6686
v 83.8118 		31.9912 		22.9382
v 83.8118 		31.7088 		23.1746
v 83.8118 		31.3965 		23.3738
v 83.8118 		31.0596 		23.5324
v 83.8118 		30.7039 		23.6477
v 83.8118 		30.3355 		23.7176
v 83.8118 		29.9607 		23.7411
v 83.8118 		29.5859 		23.7176
v 83.8118 		29.2175 		23.6477
v 83.8118 		28.8618 		23.5324
v 83.8118 		28.5249 		23.3738
v 83.8118 		28.2126 		23.1746
v 83.8118 		27.9302 		22.9382
v 83.8118 		27.6825 		22.6686
v 83.8118 		27.4738 		22.3705
v 83.8118 		27.3077 		22.049
v 83.8118 		27.1869 		21.7094
v 83.8118 		27.1137 		21.3578
v 83.2504 		24.2667 		21
v 83.2504 		24.3154 		20.2906
v 83.2504 		24.4607 		19.5933
v 83.2504 		24.7001 		18.92
v 83.2504 		25.0295 		18.2824
v 83.2504 		25.4433 		17.6913
v 83.2504 		25.9344 		17.1567
v 83.2504 		26.4944 		16.688
v 83.2504 		27.1137 		16.293
v 83.2504 		27.7817 		15.9785
v 83.2504 		28.487 		15.75
v 83.2504 		29.2175 		15.6113
v 83.2504 		29.9607 		15.5648
v 83.2504 		30.7039 		15.6113
v 83.2504 		31.4344 		15.75
v 83.2504 		32.1397 		15.9785
v 83.2504 		32.8077 		16.293
v 83.2504 		33.427 		16.688
v 83.2504 		33.987 		17.1567
v 83.2504 		34.478 		17.6913
v 83.2504 		34.8918 		18.2824
v 83.2504 		35.2213 		18.92
v 83.2504 		35.4607 		19.5933
v 83.2504 		35.606 		20.2906
v 83.2504 		35.6547 		21
v 83.2504 		35.606 		21.7094
v 83.2504 		35.4607 		22.4067
v 83.2504 		35.2213 		23.08
v 83.2504 		34.8918 		23.7176
v 83.2504 		34.478 		24.3087
v 83.2504 		33.987 		24.8433
v 83.2504 		33.427 		25.312
v 83.2504 		32.8077 		25.707
v 83.2504 		32.1397 		26.0215
v 83.2504 		31.4344 		26.25
v 83.2504 		30.7039 		26.3887
v 83.2504 		29.9607 		26.4352
v 83.2504 		29.2175 		26.3887
v 83.2504 		28.487 		26.25
v 83.2504 		27.7817 		26.0215
v 83.2504 		27.1137 		25.707
v 83.2504 		26.4944 		25.312
v 83.2504 		25.9344 		24.8433
v 83.2504 		25.4433 		24.3087
v 83.2504 		25.0295 		23.7176
v 83.2504 		24.7001 		23.08
v 83.2504 		24.4607 		22.4067
v 83.2504 		24.3154 		21.7094
v 82.3253 		21.5416 		21
v 82.3253 		21.6137 		19.951
v 82.3253 		21.8285 		18.92
v 82.3253 		22.1825 		17.9246
v 82.3253 		22.6696 		16.9818
v 82.3253 		23.2814 		16.1078
v 82.3253 		24.0075 		15.3174
v 82.3253 		24.8355 		14.6243
v 82.3253 		25.7512 		14.0403
v 82.3253 		26.7389 		13.5754
v 82.3253 		27.7817 		13.2375
v 82.3253 		28.8618 		13.0324
v 82.3253 		29.9607 		12.9636
v 82.3253 		31.0596 		13.0324
v 82.3253 		32.1397 		13.2375
v 82.3253 		33.1825 		13.5754
v 82.3253 		34.1702 		14.0403
v 82.3253 		35.0859 		14.6243
v 82.3253 		35.9138 		15.3174
v 82.3253 		36.6399 		16.1078
v 82.3253 		37.2518 		16.9818
v 82.3253 		37.7389 		17.9246
v 82.3253 		38.0928 		18.92
v 82.3253 		38.3077 		19.951
v 82.3253 		38.3797 		21
v 82.3253 		38.3077 		22.049
v 82.3253 		38.0928 		23.08
v 82.3253 		37.7389 		24.0754
v 82.3253 		37.2518 		25.0182
v 82.3253 		36.6399 		25.8922
v 82.3253 		35.9138 		26.6826
v 82.3253 		35.0859 		27.3757
v 82.3253 		34.1702 		27.9597
v 82.3253 		33.1825 		28.4246
v 82.3253 		32.1397 		28.7625
v 82.3253 		31.0596 		28.9676
v 82.3253 		29.9607 		29.0364
v 82.3253 		28.8618 		28.9676
v 82.3253 		27.7817 		28.7625
v 82.3253 		26.7389 		28.4246
v 82.3253 		25.7512 		27.9597
v 82.3253 		24.8355 		27.3757
v 82.3253 		24.0075 		26.6826
v 82.3253 		23.2814 		25.8922
v 82.3253 		22.6696 		25.0182
v 82.3253 		22.1825 		24.0754
v 82.3253 		21.8285 		23.08
v 82.3253 		21.6137 		22.049
v 81.0526 		18.9607 		21
v 81.0526 		19.0548 		19.6295
v 81.0526 		19.3355 		18.2824
v 81.0526 		19.798 		16.9818
v 81.0526 		20.4344 		15.75
v 81.0526 		21.2338 		14.608
v 81.0526 		22.1825 		13.5754
v 81.0526 		23.2643 		12.6698
v 81.0526 		24.4607 		11.9067
v 81.0526 		25.7512 		11.2993
v 81.0526 		27.1137 		10.8578
v 81.0526 		28.5249 		10.5898
v 81.0526 		29.9607 		10.5
v 81.0526 		31.3965 		10.5898
v 81.0526 		32.8077 		10.8578
v 81.0526 		34.1702 		11.2993
v 81.0526 		35.4607 		11.9067
v 81.0526 		36.6571 		12.6698
v 81.0526 		37.7389 		13.5754
v 81.0526 		38.6876 		14.608
v 81.0526 		39.487 		15.75
v 81.0526 		40.1234 		16.9818
v 81.0526 		40.5859 		18.2824
v 81.0526 		40.8666 		19.6295
v 81.0526 		40.9607 		21
v 81.0526 		40.8666 		22.3705
v 81.0526 		40.5859 		23.7176
v 81.0526 		40.1234 		25.0182
v 81.0526 		39.487 		26.25
v 81.0526 		38.6876 		27.392
v 81.0526 		37.7389 		28.4246
v 81.0526 		36.6571 		29.3302
v 81.0526 		35.4607 		30.0933
v 81.0526 		34.1702 		30.7007
v 81.0526 		32.8077 		31.1422
v 81.0526 		31.3965 		31.4102
v 81.0526 		29.9607 		31.5
v 81.0526 		28.5249 		31.4102
v 81.0526 		27.1137 		31.1422
v 81.0526 		25.7512 		30.7007
v 81.0526 		24.4607 		30.0933
v 81.0526 		23.2643 		29.3302
v 81.0526 		22.1825 		28.4246
v 81.0526 		21.2338 		27.392
v 81.0526 		20.4344 		26.25
v 81.0526 		19.798 		25.0182
v 81.0526 		19.3355 		23.7176
v 81.0526 		19.0548 		22.3705
v 79.4538 		16.5679 		21
v 79.4538 		16.6825 		19.3314
v 79.4538 		17.0243 		17.6913
v 79.4538 		17.5874 		16.1078
v 79.4538 		18.3622 		14.608
v 79.4538 		19.3355 		13.2176
v 79.4538 		20.4906 		11.9604
v 79.4538 		21.8077 		10.8578
v 79.4538 		23.2643 		9.9287
v 79.4538 		24.8355 		9.1891
v 79.4538 		26.4944 		8.6516
v 79.4538 		28.2126 		8.3254
v 79.4538 		29.9607 		8.216
v 79.4538 		31.7088 		8.3254
v 79.4538 		33.427 		8.6516
v 79.4538 		35.0859 		9.1891
v 79.4538 		36.6571 		9.9287
v 79.4538 		38.1137 		10.8578
v 79.4538 		39.4308 		11.9604
v 79.4538 		40.5859 		13.2176
v 79.4538 		41.5591 		14.608
v 79.4538 		42.334 		16.1078
v 79.4538 		42.8971 		17.6913
v 79.4538 		43.2389 		19.3314
v 79.4538 		43.3534 		21
v 79.4538 		43.2389 		22.6686
v 79.4538 		42.8971 		24.3087
v 79.4538 		42.334 		25.8922
v 79.4538 		41.5591 		27.392
v 79.4538 		40.5859 		28.7824
v 79.4538 		39.4308 		30.0396
v 79.4538 		38.1137 		31.1422
v 79.4538 		36.6571 		32.0713
v 79.4538 		35.0859 		32.8109
v 79.4538 		33.427 		33.3484
v 79.4538 		31.7088 		33.6746
v 79.4538 		29.9607 		33.784
v 79.4538 		28.2126 		33.6746
v 79.4538 		26.4944 		33.3484
v 79.4538 		24.8355 		32.8109
v 79.4538 		23.2643 		32.0713
v 79.4538 		21.8077 		31.1422
v 79.4538 		20.4906 		30.0396
v 79.4538 		19.3355 		28.7824
v 79.4538 		18.3622 		27.392
v 79.4538 		17.5874 		25.8922
v 79.4538 		17.0243 		24.3087
v 79.4538 		16.6825 		22.6686
v 77.5563 		14.4043 		21
v 77.5563 		14.5374 		19.0618
v 77.5563 		14.9344 		17.1567
v 77.5563 		15.5885 		15.3174
v 77.5563 		16.4885 		13.5754
v 77.5563 		17.619 		11.9604
v 77.5563 		18.9607 		10.5
v 77.5563 		20.4906 		9.2193
v 77.5563 		22.1825 		8.1402
v 77.5563 		24.0075 		7.2811
v 77.5563 		25.9344 		6.6567
v 77.5563 		27.9302 		6.2778
v 77.5563 		29.9607 		6.1508
v 77.5563 		31.9912 		6.2778
v 77.5563 		33.987 		6.6567
v 77.5563 		35.9138 		7.2811
v 77.5563 		37.7389 		8.1402
v 77.5563 		39.4308 		9.2193
v 77.5563 		40.9607 		10.5
v 77.5563 		42.3024 		11.9604
v 77.5563 		43.4329 		13.5754
v 77.5563 		44.3329 		15.3174
v 77.5563 		44.987 		17.1567
v 77.5563 		45.3839 		19.0618
v 77.5563 		45.517 		21
v 77.5563 		45.3839 		22.9382
v 77.5563 		44.987 		24.8433
v 77.5563 		44.3329 		26.6826
v 77.5563 		43.4329 		28.4246
v 77.5563 		42.3024 		30.0396
v 77.5563 		40.9607 		31.5
v 77.5563 		39.4308 		32.7807
v 77.5563 		37.7389 		33.8598
v 77.5563 		35.9138 		34.7189
v 77.5563 		33.987 		35.3433
v 77.5563 		31.9912 		35.7222
v 77.5563 		29.9607 		35.8492
v 77.5563 		27.9302 		35.7222
v 77.5563 		25.9344 		35.3433
v 77.5563 		24.0075 		34.7189
v 77.5563 		22.1825 		33.8598
v 77.5563 		20.4906 		32.7807
v 77.5563 		18.9607 		31.5
v 77.5563 		17.619 		30.0396
v 77.5563 		16.4885 		28.4246
v 77.5563 		15.5885 		26.6826
v 77.5563 		14.9344 		24.8433
v 77.5563 		14.5374 		22.9382
v 75.3928 		12.5069 		21
v 75.3928 		12.6562 		18.8254
v 75.3928 		13.1016 		16.688
v 75.3928 		13.8355 		14.6243
v 75.3928 		14.8453 		12.6698
v 75.3928 		16.1137 		10.8578
v 75.3928 		17.619 		9.2193
v 75.3928 		19.3355 		7.7824
v 75.3928 		21.2338 		6.5717
v 75.3928 		23.2814 		5.6078
v 75.3928 		25.4433 		4.9073
v 75.3928 		27.6825 		4.4821
v 75.3928 		29.9607 		4.3396
v 75.3928 		32.2389 		4.4821
v 75.3928 		34.478 		4.9073
v 75.3928 		36.6399 		5.6078
v 75.3928 		38.6876 		6.5717
v 75.3928 		40.5859 		7.7824
v 75.3928 		42.3024 		9.2193
v 75.3928 		43.8077 		10.8578
v 75.3928 		45.0761 		12.6698
v 75.3928 		46.0859 		14.6243
v 75.3928 		46.8197 		16.688
v 75.3928 		47.2651 		18.8254
v 75.3928 		47.4145 		21
v 75.3928 		47.2651 		23.1746
v 75.3928 		46.8197 		25.312
v 75.3928 		46.0859 		27.3757
v 75.3928 		45.0761 		29.3302
v 75.3928 		43.8077 		31.1422
v 75.3928 		42.3024 		32.7807
v 75.3928 		40.5859 		34.2176
v 75.3928 		38.6876 		35.4283
v 75.3928 		36.6399 		36.3922
v 75.3928 		34.478 		37.0927
v 75.3928 		32.2389 		37.5179
v 75.3928 		29.9607 		37.6604
v 75.3928 		27.6825 		37.5179
v 75.3928 		25.4433 		37.0927
v 75.3928 		23.2814 		36.3922
v 75.3928 		21.2338 		35.4283
v 75.3928 		19.3355 		34.2176
v 75.3928 		17.619 		32.7807
v 75.3928 		16.1137 		31.1422
v 75.3928 		14.8453 		29.3302
v 75.3928 		13.8355 		27.3757
v 75.3928 		13.1016 		25.312
v 75.3928 		12.6562 		23.1746
v 73 		10.9081 		21
v 73 		11.0711 		18.6262
v 73 		11.5573 		16.293
v 73 		12.3584 		14.0403
v 73 		13.4607 		11.9067
v 73 		14.8453 		9.9287
v 73 		16.4885 		8.1402
v 73 		18.3622 		6.5717
v 73 		20.4344 		5.25
v 73 		22.6696 		4.1978
v 73 		25.0295 		3.4332
v 73 		27.4738 		2.9691
v 73 		29.9607 		2.8135
v 73 		32.4475 		2.9691
v 73 		34.8918 		3.4332
v 73 		37.2518 		4.1978
v 73 		39.487 		5.25
v 73 		41.5591 		6.5717
v 73 		43.4329 		8.1402
v 73 		45.0761 		9.9287
v 73 		46.4607 		11.9067
v 73 		47.5629 		14.0403
v 73 		48.364 		16.293
v 73 		48.8502 		18.6262
v 73 		49.0132 		21
v 73 		48.8502 		23.3738
v 73 		48.364 		25.707
v 73 		47.5629 		27.9597
v 73 		46.4607 		30.0933
v 73 		45.0761 		32.0713
v 73 		43.4329 		33.8598
v 73 		41.5591 		35.4283
v 73 		39.487 		36.75
v 73 		37.2518 		37.8022
v 73 		34.8918 		38.5668
v 73 		32.4475 		39.0309
v 73 		29.9607 		39.1865
v 73 		27.4738 		39.0309
v 73 		25.0295 		38.5668
v 73 		22.6696 		37.8022
v 73 		20.4344 		36.75
v 73 		18.3622 		35.4283
v 73 		16.4885 		33.8598
v 73 		14.8453 		32.0713
v 73 		13.4607 		30.0933
v 73 		12.3584 		27.9597
v 73 		11.5573 		25.707
v 73 		11.0711 		23.3738
v 70.419 		9.6353 		21
v 70.419 		9.8092 		18.4676
v 70.419 		10.3279 		15.9785
v 70.419 		11.1825 		13.5754
v 70.419 		12.3584 		11.2993
v 70.419 		13.8355 		9.1891
v 70.419 		15.5885 		7.2811
v 70.419 		17.5874 		5.6078
v 70.419 		19.798 		4.1978
v 70.419 		22.1825 		3.0754
v 70.419 		24.7001 		2.2596
v 70.419 		27.3077 		1.7645
v 70.419 		29.9607 		1.5985
v 70.419 		32.6137 		1.7645
v 70.419 		35.2213 		2.2596
v 70.419 		37.7389 		3.0754
v 70.419 		40.1234 		4.1978
v 70.419 		42.334 		5.6078
v 70.419 		44.3329 		7.2811
v 70.419 		46.0859 		9.1891
v 70.419 		47.5629 		11.2993
v 70.419 		48.7389 		13.5754
v 70.419 		49.5935 		15.9785
v 70.419 		50.1121 		18.4676
v 70.419 		50.286 		21
v 70.419 		50.1121 		23.5324
v 70.419 		49.5935 		26.0215
v 70.419 		48.7389 		28.4246
v 70.419 		47.5629 		30.7007
v 70.419 		46.0859 		32.8109
v 70.419 		44.3329 		34.7189
v 70.419 		42.334 		36.3922
v 70.419 		40.1234 		37.8022
v 70.419 		37.7389 		38.9246
v 70.419 		35.2213 		39.7404
v 70.419 		32.6137 		40.2355
v 70.419 		29.9607 		40.4015
v 70.419 		27.3077 		40.2355
v 70.419 		24.7001 		39.7404
v 70.419 		22.1825 		38.9246
v 70.419 		19.798 		37.8022
v 70.419 		17.5874 		36.3922
v 70.419 		15.5885 		34.7189
v 70.419 		13.8355 		32.8109
v 70.419 		12.3584 		30.7007
v 70.419 		11.1825 		28.4246
v 70.419 		10.3279 		26.0215
v 70.419 		9.8092 		23.5324
v 67.694 		8.7103 		21
v 67.694 		8.8921 		18.3523
v 67.694 		9.4344 		15.75
v 67.694 		10.3279 		13.2375
v 67.694 		11.5573 		10.8578
v 67.694 		13.1016 		8.6516
v 67.694 		14.9344 		6.6567
v 67.694 		17.0243 		4.9073
v 67.694 		19.3355 		3.4332
v 67.694 		21.8285 		2.2596
v 67.694 		24.4607 		1.4067
v 67.694 		27.1869 		0.8891
v 67.694 		29.9607 		0.7156
v 67.694 		32.7344 		0.8891
v 67.694 		35.4607 		1.4067
v 67.694 		38.0928 		2.2596
v 67.694 		40.5859 		3.4332
v 67.694 		42.8971 		4.9073
v 67.694 		44.987 		6.6567
v 67.694 		46.8197 		8.6516
v 67.694 		48.364 		10.8578
v 67.694 		49.5935 		13.2375
v 67.694 		50.487 		15.75
v 67.694 		51.0292 		18.3523
v 67.694 		51.211 		21
v 67.694 		51.0292 		23.6477
v 67.694 		50.487 		26.25
v 67.694 		49.5935 		28.7625
v 67.694 		48.364 		31.1422
v 67.694 		46.8197 		33.3484
v 67.694 		44.987 		35.3433
v 67.694 		42.8971 		37.0927
v 67.694 		40.5859 		38.5668
v 67.694 		38.0928 		39.7404
v 67.694 		35.4607 		40.5933
v 67.694 		32.7344 		41.1109
v 67.694 		29.9607 		41.2844
v 67.694 		27.1869 		41.1109
v 67.694 		24.4607 		40.5933
v 67.694 		21.8285 		39.7404
v 67.694 		19.3355 		38.5668
v 67.694 		17.0243 		37.0927
v 67.694 		14.9344 		35.3433
v 67.694 		13.1016 		33.3484
v 67.694 		11.5573 		31.1422
v 67.694 		10.3279 		28.7625
v 67.694 		9.4344 		26.25
v 67.694 		8.8921 		23.6477
v 64.8716 		8.1489 		21
v 64.8716 		8.3355 		18.2824
v 64.8716 		8.8921 		15.6113
v 64.8716 		9.8092 		13.0324
v 64.8716 		11.0711 		10.5898
v 64.8716 		12.6562 		8.3254
v 64.8716 		14.5374 		6.2778
v 64.8716 		16.6825 		4.4821
v 64.8716 		19.0548 		2.9691
v 64.8716 		21.6137 		1.7645
v 64.8716 		24.3154 		0.8891
v 64.8716 		27.1137 		0.3578
v 64.8716 		29.9607 		0.1797
v 64.8716 		32.8077 		0.3578
v 64.8716 		35.606 		0.8891
v 64.8716 		38.3077 		1.7645
v 64.8716 		40.8666 		2.9691
v 64.8716 		43.2389 		4.4821
v 64.8716 		45.3839 		6.2778
v 64.8716 		47.2651 		8.3254
v 64.8716 		48.8502 		10.5898
v 64.8716 		50.1121 		13.0324
v 64.8716 		51.0292 		15.6113
v 64.8716 		51.5859 		18.2824
v 64.8716 		51.7725 		21
v 64.8716 		51.5859 		23.7176
v 64.8716 		51.0292 		26.3887
v 64.8716 		50.1121 		28.9676
v 64.8716 		48.8502 		31.4102
v 64.8716 		47.2651 		33.6746
v 64.8716 		45.3839 		35.7222
v 64.8716 		43.2389 		37.5179
v 64.8716 		40.8666 		39.0309
v 64.8716 		38.3077 		40.2355
v 64.8716 		35.606 		41.1109
v 64.8716 		32.8077 		41.6422
v 64.8716 		29.9607 		41.8203
v 64.8716 		27.1137 		41.6422
v 64.8716 		24.3154 		41.1109
v 64.8716 		21.6137 		40.2355
v 64.8716 		19.0548 		39.0309
v 64.8716 		16.6825 		37.5179
v 64.8716 		14.5374 		35.7222
v 64.8716 		12.6562 		33.6746
v 64.8716 		11.0711 		31.4102
v 64.8716 		9.8092 		28.9676
v 64.8716 		8.8921 		26.3887
v 64.8716 		8.3355 		23.7176
v 62 		7.9607 		21
v 62 		8.1489 		18.2589
v 62 		8.7103 		15.5648
v 62 		9.6353 		12.9636
v 62 		10.9081 		10.5
v 62 		12.5069 		8.216
v 62 		14.4043 		6.1508
v 62 		16.5679 		4.3396
v 62 		18.9607 		2.8135
v 62 		21.5416 		1.5985
v 62 		24.2667 		0.7156
v 62 		27.0891 		0.1797
v 62 		29.9607 		0
v 62 		32.8323 		0.1797
v 62 		35.6547 		0.7156
v 62 		38.3797 		1.5985
v 62 		40.9607 		2.8135
v 62 		43.3534 		4.3396
v 62 		45.517 		6.1508
v 62 		47.4145 		8.216
v 62 		49.0132 		10.5
v 62 		50.286 		12.9636
v 62 		51.211 		15.5648
v 62 		51.7725 		18.2589
v 62 		51.9607 		21
v 62 		51.7725 		23.7411
v 62 		51.211 		26.4352
v 62 		50.286 		29.0364
v 62 		49.0132 		31.5
v 62 		47.4145 		33.784
v 62 		45.517 		35.8492
v 62 		43.3534 		37.6604
v 62 		40.9607 		39.1865
v 62 		38.3797 		40.4015
v 62 		35.6547 		41.2844
v 62 		32.8323 		41.8203
v 62 		29.9607 		42
v 62 		27.0891 		41.8203
v 62 		24.2667 		41.2844
v 62 		21.5416 		40.4015
v 62 		18.9607 		39.1865
v 62 		16.5679 		37.6604
v 62 		14.4043 		35.8492
v 62 		12.5069 		33.784
v 62 		10.9081 		31.5
v 62 		9.6353 		29.0364
v 62 		8.7103 		26.4352
v 62 		8.1489 		23.7411
v 59.1284 		8.1489 		21
v 59.1284 		8.3355 		18.2824
v 59.1284 		8.8921 		15.6113
v 59.1284 		9.8092 		13.0324
v 59.1284 		11.0711 		10.5898
v 59.1284 		12.6562 		8.3254
v 59.1284 		14.5374 		6.2778
v 59.1284 		16.6825 		4.4821
v 59.1284 		19.0548 		2.9691
v 59.1284 		21.6137 		1.7645
v 59.1284 		24.3154 		0.8891
v 59.1284 		27.1137 		0.3578
v 59.1284 		29.9607 		0.1797
v 59.1284 		32.8077 		0.3578
v 59.1284 		35.606 		0.8891
v 59.1284 		38.3077 		1.7645
v 59.1284 		40.8666 		2.9691
v 59.1284 		43.2389 		4.4821
v 59.1284 		45.3839 		6.2778
v 59.1284 		47.2651 		8.3254
v 59.1284 		48.8502 		10.5898
v 59.1284 		50.1121 		13.0324
v 59.1284 		51.0292 		15.6113
v 59.1284 		51.5859 		18.2824
v 59.1284 		51.7725 		21
v 59.1284 		51.5859 		23.7176
v 59.1284 		51.0292 		26.3887
v 59.1284 		50.1121 		28.9676
v 59.1284 		48.8502 		31.4102
v 59.1284 		47.2651 		33.6746
v 59.1284 		45.3839 		35.7222
v 59.1284 		43.2389 		37.5179
v 59.1284 		40.8666 		39.0309
v 59.1284 		38.3077 		40.2355
v 59.1284 		35.606 		41.1109
v 59.1284 		32.8077 		41.6422
v 59.1284 		29.9607 		41.8203
v 59.1284 		27.1137 		41.6422
v 59.1284 		24.3154 		41.1109
v 59.1284 		21.6137 		40.2355
v 59.1284 		19.0548 		39.0309
v 59.1284 		16.6825 		37.5179
v 59.1284 		14.5374 		35.7222
v 59.1284 		12.6562 		33.6746
v 59.1284 		11.0711 		31.4102
v 59.1284 		9.8092 		28.9676
v 59.1284 		8.8921 		26.3887
v 59.1284 		8.3355 		23.7176
v 56.306 		8.7103 		21
v 56.306 		8.8921 		18.3523
v 56.306 		9.4344 		15.75
v 56.306 		10.3279 		13.2375
v 56.306 		11.5573 		10.8578
v 56.306 		13.1016 		8.6516
v 56.306 		14.9344 		6.6567
v 56.306 		17.0243 		4.9073
v 56.306 		19.3355 		3.4332
v 56.306 		21.8285 		2.2596
v 56.306 		24.4607 		1.4067
v 56.306 		27.1869 		0.8891
v 56.306 		29.9607 		0.7156
v 56.306 		32.7344 		0.8891
v 56.306 		35.4607 		1.4067
v 56.306 		38.0928 		2.2596
v 56.306 		40.5859 		3.4332
v 56.306 		42.8971 		4.9073
v 56.306 		44.987 		6.6567
v 56.306 		46.8197 		8.6516
v 56.306 		48.364 		10.8578
v 56.306 		49.5935 		13.2375
v 56.306 		50.487 		15.75
v 56.306 		51.0292 		18.3523
v 56.306 		51.211 		21
v 56.306 		51.0292 		23.6477
v 56.306 		50.487 		26.25
v 56.306 		49.5935 		28.7625
v 56.306 		48.364 		31.1422
v 56.306 		46.8197 		33.3484
v 56.306 		44.987 		35.3433
v 56.306 		42.8971 		37.0927
v 56.306 		40.5859 		38.5668
v 56.306 		38.0928 		39.7404
v 56.306 		35.4607 		40.5933
v 56.306 		32.7344 		41.1109
v 56.306 		29.9607 		41.2844
v 56.306 		27.1869 		41.1109
v 56.306 		24.4607 		40.5933
v 56.306 		21.8285 		39.7404
v 56.306 		19.3355 		38.5668
v 56.306 		17.0243 		37.0927
v 56.306 		14.9344 		35.3433
v 56.306 		13.1016 		33.3484
v 56.306 		11.5573 		31.1422
v 56.306 		10.3279 		28.7625
v 56.306 		9.4344 		26.25
v 56.306 		8.8921 		23.6477
v 53.581 		9.6353 		21
v 53.581 		9.8092 		18.4676
v 53.581 		10.3279 		15.9785
v 53.581 		11.1825 		13.5754
v 53.581 		12.3584 		11.2993
v 53.581 		13.8355 		9.1891
v 53.581 		15.5885 		7.2811
v 53.581 		17.5874 		5.6078
v 53.581 		19.798 		4.1978
v 53.581 		22.1825 		3.0754
v 53.581 		24.7001 		2.2596
v 53.581 		27.3077 		1.7645
v 53.581 		29.9607 		1.5985
v 53.581 		32.6137 		1.7645
v 53.581 		35.2213 		2.2596
v 53.581 		37.7389 		3.0754
v 53.581 		40.1234 		4.1978
v 53.581 		42.334 		5.6078
v 53.581 		44.3329 		7.2811
v 53.581 		46.0859 		9.1891
v 53.581 		47.5629 		11.2993
v 53.581 		48.7389 		13.5754
v 53.581 		49.5935 		15.9785
v 53.581 		50.1121 		18.4676
v 53.581 		50.286 		21
v 53.581 		50.1121 		23.5324
v 53.581 		49.5935 		26.0215
v 53.581 		48.7389 		28.4246
v 53.581 		47.5629 		30.7007
v 53.581 		46.0859 		32.8109
v 53.581 		44.3329 		34.7189
v 53.581 		42.334 		36.3922
v 53.581 		40.1234 		37.8022
v 53.581 		37.7389 		38.9246
v 53.581 		35.2213 		39.7404
v 53.581 		32.6137 		40.2355
v 53.581 		29.9607 		40.4015
v 53.581 		27.3077 		40.2355
v 53.581 		24.7001 		39.7404
v 53.581 		22.1825 		38.9246
v 53.581 		19.798 		37.8022
v 53.581 		17.5874 		36.3922
v 53.581 		15.5885 		34.7189
v 53.581 		13.8355 		32.8109
v 53.581 		12.3584 		30.7007
v 53.581 		11.1825 		28.4246
v 53.581 		10.3279 		26.0215
v 53.581 		9.8092 		23.5324
v 51 		10.9081 		21
v 51 		11.0711 		18.6262
v 51 		11.5573 		16.293
v 51 		12.3584 		14.0403
v 51 		13.4607 		11.9067
v 51 		14.8453 		9.9287
v 51 		16.4885 		8.1402
v 51 		18.3622 		6.5717
v 51 		20.4344 		5.25
v 51 		22.6696 		4.1978
v 51 		25.0295 		3.4332
v 51 		27.4738 		2.9691
v 51 		29.9607 		2.8135
v 51 		32.4475 		2.9691
v 51 		34.8918 		3.4332
v 51 		37.2518 		4.1978
v 51 		39.487 		5.25
v 51 		41.5591 		6.5717
v 51 		43.4329 		8.1402
v 51 		45.0761 		9.9287
v 51 		46.4607 		11.9067
v 51 		47.5629 		14.0403
v 51 		48.364 		16.293
v 51 		48.8502 		18.6262
v 51 		49.0132 		21
v 51 		48.8502 		23.3738
v 51 		48.364 		25.707
v 51 		47.5629 		27.9597
v 51 		46.4607 		30.0933
v 51 		45.0761 		32.0713
v 51 		43.4329 		33.8598
v 51 		41.5591 		35.4283
v 51 		39.487 		36.75
v 51 		37.2518 		37.8022
v 51 		34.8918 		38.5668
v 51 		32.4475 		39.0309
v 51 		29.9607 		39.1865
v 51 		27.4738 		39.0309
v 51 		25.0295 		38.5668
v 51 		22.6696 		37.8022
v 51 		20.4344 		36.75
v 51 		18.3622 		35.4283
v 51 		16.4885 		33.8598
v 51 		14.8453 		32.0713
v 51 		13.4607 		30.0933
v 51 		12.3584 		27.9597
v 51 		11.5573 		25.707
v 51 		11.0711 		23.3738
v 48.6072 		12.5069 		21
v 48.6072 		12.6562 		18.8254
v 48.6072 		13.1016 		16.688
v 48.6072 		13.8355 		14.6243
v 48.6072 		14.8453 		12.6698
v 48.6072 		16.1137 		10.8578
v 48.6072 		17.619 		9.2193
v 48.6072 		19.3355 		7.7824
v 48.6072 		21.2338 		6.5717
v 48.6072 		23.2814 		5.6078
v 48.6072 		25.4433 		4.9073
v 48.6072 		27.6825 		4.4821
v 48.6072 		29.9607 		4.3396
v 48.6072 		32.2389 		4.4821
v 48.6072 		34.478 		4.9073
v 48.6072 		36.6399 		5.6078
v 48.6072 		38.6876 		6.5717
v 48.6072 		40.5859 		7.7824
v 48.6072 		42.3024 		9.2193
v 48.6072 		43.8077 		10.8578
v 48.6072 		45.0761 		12.6698
v 48.6072 		46.0859 		14.6243
v 48.6072 		46.8197 		16.688
v 48.6072 		47.2651 		18.8254
v 48.6072 		47.4145 		21
v 48.6072 		47.2651 		23.1746
v 48.6072 		46.8197 		25.312
v 48.6072 		46.0859 		27.3757
v 48.6072 		45.0761 		29.3302
v 48.6072 		43.8077 		31.1422
v 48.6072 		42.3024 		32.7807
v 48.6072 		40.5859 		34.2176
v 48.6072 		38.6876 		35.4283
v 48.6072 		36.6399 		36.3922
v 48.6072 		34.478 		37.0927
v 48.6072 		32.2389 		37.5179
v 48.6072 		29.9607 		37.6604
v 48.6072 		27.6825 		37.5179
v 48.6072 		25.4433 		37.0927
v 48.6072 		23.2814 		36.3922
v 48.6072 		21.2338 		35.4283
v 48.6072 		19.3355 		34.2176
v 48.6072 		17.619 		32.7807
v 48.6072 		16.1137 		31.1422
v 48.6072 		14.8453 		29.3302
v 48.6072 		13.8355 		27.3757
v 48.6072 		13.1016 		25.312
v 48.6072 		12.6562 		23.1746
v 46.4437 		14.4043 		21
v 46.4437 		14.5374 		19.0618
v 46.4437 		14.9344 		17.1567
v 46.4437 		15.5885 		15.3174
v 46.4437 		16.4885 		13.5754
v 46.4437 		17.619 		11.9604
v 46.4437 		18.9607 		10.5
v 46.4437 		20.4906 		9.2193
v 46.4437 		22.1825 		8.1402
v 46.4437 		24.0075 		7.2811
v 46.4437 		25.9344 		6.6567
v 46.4437 		27.9302 		6.2778
v 46.4437 		29.9607 		6.1508
v 46.4437 		31.9912 		6.2778
v 46.4437 		33.987 		6.6567
v 46.4437 		35.9138 		7.2811
v 46.4437 		37.7389 		8.1402
v 46.4437 		39.4308 		9.2193
v 46.4437 		40.9607 		10.5
v 46.4437 		42.3024 		11.9604
v 46.4437 		43.4329 		13.5754
v 46.4437 		44.3329 		15.3174
v 46.4437 		44.987 		17.1567
v 46.4437 		45.3839 		19.0618
v 46.4437 		45.517 		21
v 46.4437 		45.3839 		22.9382
v 46.4437 		44.987 		24.8433
v 46.4437 		44.3329 		26.6826
v 46.4437 		43.4329 		28.4246
v 46.4437 		42.3024 		30.0396
v 46.4437 		40.9607 		31.5
v 46.4437 		39.4308 		32.7807
v 46.4437 		37.7389 		33.8598
v 46.4437 		35.9138 		34.7189
v 46.4437 		33.987 		35.3433
v 46.4437 		31.9912 		35.7222
v 46.4437 		29.9607 		35.8492
v 46.4437 		27.9302 		35.7222
v 46.4437 		25.9344 		35.3433
v 46.4437 		24.0075 		34.7189
v 46.4437 		22.1825 		33.8598
v 46.4437 		20.4906 		32.7807
v 46.4437 		18.9607 		31.5
v 46.4437 		17.619 		30.0396
v 46.4437 		16.4885 		28.4246
v 46.4437 		15.5885 		26.6826
v 46.4437 		14.9344 		24.8433
v 46.4437 		14.5374 		22.9382
v 44.5462 		16.5679 		21
v 44.5462 		16.6825 		19.3314
v 44.5462 		17.0243 		17.6913
v 44.5462 		17.5874 		16.1078
v 44.5462 		18.3622 		14.608
v 44.5462 		19.3355 		13.2176
v 44.5462 		20.4906 		11.9604
v 44.5462 		21.8077 		10.8578
v 44.5462 		23.2643 		9.9287
v 44.5462 		24.8355 		9.1891
v 44.5462 		26.4944 		8.6516
v 44.5462 		28.2126 		8.3254
v 44.5462 		29.9607 		8.216
v 44.5462 		31.7088 		8.3254
v 44.5462 		33.427 		8.6516
v 44.5462 		35.0859 		9.1891
v 44.5462 		36.6571 		9.9287
v 44.5462 		38.1137 		10.8578
v 44.5462 		39.4308 		11.9604
v 44.5462 		40.5859 		13.2176
v 44.5462 		41.5591 		14.608
v 44.5462 		42.334 		16.1078
v 44.5462 		42.8971 		17.6913
v 44.5462 		43.2389 		19.3314
v 44.5462 		43.3534 		21
v 44.5462 		43.2389 		22.6686
v 44.5462 		42.8971 		24.3087
v 44.5462 		42.334 		25.8922
v 44.5462 		41.5591 		27.392
v 44.5462 		40.5859 		28.7824
v 44.5462 		39.4308 		30.0396
v 44.5462 		38.1137 		31.1422
v 44.5462 		36.6571 		32.0713
v 44.5462 		35.0859 		32.8109
v 44.5462 		33.427 		33.3484
v 44.5462 		31.7088 		33.6746
v 44.5462 		29.9607 		33.784
v 44.5462 		28.2126 		33.6746
v 44.5462 		26.4944 		33.3484
v 44.5462 		24.8355 		32.8109
v 44.5462 		23.2643 		32.0713
v 44.5462 		21.8077 		31.1422
v 44.5462 		20.4906 		30.0396
v 44.5462 		19.3355 		28.7824
v 44.5462 		18.3622 		27.392
v 44.5462 		17.5874 		25.8922
v 44.5462 		17.0243 		24.3087
v 44.5462 		16.6825 		22.6686
v 42.9474 		18.9607 		21
v 42.9474 		19.0548 		19.6295
v 42.9474 		19.3355 		18.2824
v 42.9474 		19.798 		16.9818
v 42.9474 		20.4344 		15.75
v 42.9474 		21.2338 		14.608
v 42.9474 		22.1825 		13.5754
v 42.9474 		23.2643 		12.6698
v 42.9474 		24.4607 		11.9067
v 42.9474 		25.7512 		11.2993
v 42.9474 		27.1137 		10.8578
v 42.9474 		28.5249 		10.5898
v 42.9474 		29.9607 		10.5
v 42.9474 		31.3965 		10.5898
v 42.9474 		32.8077 		10.8578
v 42.9474 		34.1702 		11.2993
v 42.9474 		35.4607 		11.9067
v 42.9474 		36.6571 		12.6698
v 42.9474 		37.7389 		13.5754
v 42.9474 		38.6876 		14.608
v 42.9474 		39.487 		15.75
v 42.9474 		40.1234 		16.9818
v 42.9474 		40.5859 		18.2824
v 42.9474 		40.8666 		19.6295
v 42.9474 		40.9607 		21
v 42.9474 		40.8666 		22.3705
v 42.9474 		40.5859 		23.7176
v 42.9474 		40.1234 		25.0182
v 42.9474 		39.487 		26.25
v 42.9474 		38.6876 		27.392
v 42.9474 		37.7389 		28.4246
v 42.9474 		36.6571 		29.3302
v 42.9474 		35.4607 		30.0933
v 42.9474 		34.1702 		30.7007
v 42.9474 		32.8077 		31.1422
v 42.9474 		31.3965 		31.4102
v 42.9474 		29.9607 		31.5
v 42.9474 		28.5249 		31.4102
v 42.9474 		27.1137 		31.1422
v 42.9474 		25.7512 		30.7007
v 42.9474 		24.4607 		30.0933
v 42.9474 		23.2643 		29.3302
v 42.9474 		22.1825 		28.4246
v 42.9474 		21.2338 		27.392
v 42.9474 		20.4344 		26.25
v 42.9474 		19.798 		25.0182
v 42.9474 		19.3355 		23.7176
v 42.9474 		19.0548 		22.3705
v 41.6747 		21.5416 		21
v 41.6747 		21.6137 		19.951
v 41.6747 		21.8285 		18.92
v 41.6747 		22.1825 		17.9246
v 41.6747 		22.6696 		16.9818
v 41.6747 		23.2814 		16.1078
v 41.6747 		24.0075 		15.3174
v 41.6747 		24.8355 		14.6243
v 41.6747 		25.7512 		14.0403
v 41.6747 		26.7389 		13.5754
v 41.6747 		27.7817 		13.2375
v 41.6747 		28.8618 		13.0324
v 41.6747 		29.9607 		12.9636
v 41.6747 		31.0596 		13.0324
v 41.6747 		32.1397 		13.2375
v 41.6747 		33.1825 		13.5754
v 41.6747 		34.1702 		14.0403
v 41.6747 		35.0859 		14.6243
v 41.6747 		35.9138 		15.3174
v 41.6747 		36.6399 		16.1078
v 41.6747 		37.2518 		16.9818
v 41.6747 		37.7389 		17.9246
v 41.6747 		38.0928 		18.92
v 41.6747 		38.3077 		19.951
v 41.6747 		38.3797 		21
v 41.6747 		38.3077 		22.049
v 41.6747 		38.0928 		23.08
v 41.6747 		37.7389 		24.0754
v 41.6747 		37.2518 		25.0182
v 41.6747 		36.6399 		25.8922
v 41.6747 		35.9138 		26.6826
v 41.6747 		35.0859 		27.3757
v 41.6747 		34.1702 		27.9597
v 41.6747 		33.1825 		28.4246
v 41.6747 		32.1397 		28.7625
v 41.6747 		31.0596 		28.9676
v 41.6747 		29.9607 		29.0364
v 41.6747 		28.8618 		28.9676
v 41.6747 		27.7817 		28.7625
v 41.6747 		26.7389 		28.4246
v 41.6747 		25.7512 		27.9597
v 41.6747 		24.8355 		27.3757
v 41.6747 		24.0075 		26.6826
v 41.6747 		23.2814 		25.8922
v 41.6747 		22.6696 		25.0182
v 41.6747 		22.1825 		24.0754
v 41.6747 		21.8285 		23.08
v 41.6747 		21.6137 		22.049
v 40.7496 		24.2667 		21
v 40.7496 		24.3154 		20.2906
v 40.7496 		24.4607 		19.5933
v 40.7496 		24.7001 		18.92
v 40.7496 		25.0295 		18.2824
v 40.7496 		25.4433 		17.6913
v 40.7496 		25.9344 		17.1567
v 40.7496 		26.4944 		16.688
v 40.7496 		27.1137 		16.293
v 40.7496 		27.7817 		15.9785
v 40.7496 		28.487 		15.75
v 40.7496 		29.2175 		15.6113
v 40.7496 		29.9607 		15.5648
v 40.7496 		30.7039 		15.6113
v 40.7496 		31.4344 		15.75
v 40.7496 		32.1397 		15.9785
v 40.7496 		32.8077 		16.293
v 40.7496 		33.427 		16.688
v 40.7496 		33.987 		17.1567
v 40.7496 		34.478 		17.6913
v 40.7496 		34.8918 		18.2824
v 40.7496 		35.2213 		18.92
v 40.7496 		35.4607 		19.5933
v 40.7496 		35.606 		20.2906
v 40.7496 		35.6547 		21
v 40.7496 		35.606 		21.7094
v 40.7496 		35.4607 		22.4067
v 40.7496 		35.2213 		23.08
v 40.7496 		34.8918 		23.7176
v 40.7496 		34.478 		24.3087
v 40.7496 		33.987 		24.8433
v 40.7496 		33.427 		25.312
v 40.7496 		32.8077 		25.707
v 40.7496 		32.1397 		26.0215
v 40.7496 		31.4344 		26.25
v 40.7496 		30.7039 		26.3887
v 40.7496 		29.9607 		26.4352
v 40.7496 		29.2175 		26.3887
v 40.7496 		28.487 		26.25
v 40.7496 		27.7817 		26.0215
v 40.7496 		27.1137 		25.707
v 40.7496 		26.4944 		25.312
v 40.7496 		25.9344 		24.8433
v 40.7496 		25.4433 		24.3087
v 40.7496 		25.0295 		23.7176
v 40.7496 		24.7001 		23.08
v 40.7496 		24.4607 		22.4067
v 40.7496 		24.3154 		21.7094
v 40.1882 		27.0891 		21
v 40.1882 		27.1137 		20.6422
v 40.1882 		27.1869 		20.2906
v 40.1882 		27.3077 		19.951
v 40.1882 		27.4738 		19.6295
v 40.1882 		27.6825 		19.3314
v 40.1882 		27.9302 		19.0618
v 40.1882 		28.2126 		18.8254
v 40.1882 		28.5249 		18.6262
v 40.1882 		28.8618 		18.4676
v 40.1882 		29.2175 		18.3523
v 40.1882 		29.5859 		18.2824
v 40.1882 		29.9607 		18.2589
v 40.1882 		30.3355 		18.2824
v 40.1882 		30.7039 		18.3523
v 40.1882 		31.0596 		18.4676
v 40.1882 		31.3965 		18.6262
v 40.1882 		31.7088 		18.8254
v 40.1882 		31.9912 		19.0618
v 40.1882 		32.2389 		19.3314
v 40.1882 		32.4475 		19.6295
v 40.1882 		32.6137 		19.951
v 40.1882 		32.7344 		20.2906
v 40.1882 		32.8077 		20.6422
v 40.1882 		32.8323 		21
v 40.1882 		32.8077 		21.3578
v 40.1882 		32.7344 		21.7094
v 40.1882 		32.6137 		22.049
v 40.1882 		32.4475 		22.3705
v 40.1882 		32.2389 		22.6686
v 40.1882 		31.9912 		22.9382
v 40.1882 		31.7088 		23.1746
v 40.1882 		31.3965 		23.3738
v 40.1882 		31.0596 		23.5324
v 40.1882 		30.7039 		23.6477
v 40.1882 		30.3355 		23.7176
v 40.1882 		29.9607 		23.7411
v 40.1882 		29.5859 		23.7176
v 40.1882 		29.2175 		23.6477
v 40.1882 		28.8618 		23.5324
v 40.1882 		28.5249 		23.3738
v 40.1882 		28.2126 		23.1746
v 40.1882 		27.9302 		22.9382
v 40.1882 		27.6825 		22.6686
v 40.1882 		27.4738 		22.3705
v 40.1882 		27.3077 		22.049
v 40.1882 		27.1869 		21.7094
v 40.1882 		27.1137 		21.3578
v 40 		29.9607 		21
# 1106 vertices

g group_5_40919

usemtl color_40919
s 0

f 2399 	2400 	2401
f 2399 	2401 	2402
f 2399 	2402 	2403
f 2399 	2403 	2404
f 2399 	2404 	2405
f 2399 	2405 	2406
f 2399 	2406 	2407
f 2399 	2407 	2408
f 2399 	2408 	2409
f 2399 	2409 	2410
f 2399 	2410 	2411
f 2399 	2411 	2412
f 2399 	2412 	2413
f 2399 	2413 	2414
f 2399 	2414 	2415
f 2399 	2415 	2416
f 2399 	2416 	2417
f 2399 	2417 	2418
f 2399 	2418 	2419
f 2399 	2419 	2420
f 2399 	2420 	2421
f 2399 	2421 	2422
f 2399 	2422 	2423
f 2399 	2423 	2424
f 2399 	2424 	2425
f 2399 	2425 	2426
f 2399 	2426 	2427
f 2399 	2427 	2428
f 2399 	2428 	2429
f 2399 	2429 	2430
f 2399 	2430 	2431
f 2399 	2431 	2432
f 2399 	2432 	2433
f 2399 	2433 	2434
f 2399 	2434 	2435
f 2399 	2435 	2436
f 2399 	2436 	2437
f 2399 	2437 	2438
f 2399 	2438 	2439
f 2399 	2439 	2440
f 2399 	2440 	2441
f 2399 	2441 	2442
f 2399 	2442 	2443
f 2399 	2443 	2444
f 2399 	2444 	2445
f 2399 	2445 	2446
f 2399 	2446 	2447
f 2399 	2447 	2400
f 2401 	2400 	2449
f 2400 	2448 	2449
f 2402 	2401 	2450
f 2401 	2449 	2450
f 2403 	2402 	2451
f 2402 	2450 	2451
f 2404 	2403 	2452
f 2403 	2451 	2452
f 2405 	2404 	2453
f 2404 	2452 	2453
f 2406 	2405 	2454
f 2405 	2453 	2454
f 2407 	2406 	2455
f 2406 	2454 	2455
f 2408 	2407 	2456
f 2407 	2455 	2456
f 2409 	2408 	2457
f 2408 	2456 	2457
f 2410 	2409 	2458
f 2409 	2457 	2458
f 2411 	2410 	2459
f 2410 	2458 	2459
f 2412 	2411 	2460
f 2411 	2459 	2460
f 2413 	2412 	2461
f 2412 	2460 	2461
f 2414 	2413 	2462
f 2413 	2461 	2462
f 2415 	2414 	2463
f 2414 	2462 	2463
f 2416 	2415 	2464
f 2415 	2463 	2464
f 2417 	2416 	2465
f 2416 	2464 	2465
f 2418 	2417 	2466
f 2417 	2465 	2466
f 2419 	2418 	2467
f 2418 	2466 	2467
f 2420 	2419 	2468
f 2419 	2467 	2468
f 2421 	2420 	2469
f 2420 	2468 	2469
f 2422 	2421 	2470
f 2421 	2469 	2470
f 2423 	2422 	2471
f 2422 	2470 	2471
f 2424 	2423 	2472
f 2423 	2471 	2472
f 2425 	2424 	2473
f 2424 	2472 	2473
f 2426 	2425 	2474
f 2425 	2473 	2474
f 2427 	2426 	2475
f 2426 	2474 	2475
f 2428 	2427 	2476
f 2427 	2475 	2476
f 2429 	2428 	2477
f 2428 	2476 	2477
f 2430 	2429 	2478
f 2429 	2477 	2478
f 2431 	2430 	2479
f 2430 	2478 	2479
f 2432 	2431 	2480
f 2431 	2479 	2480
f 2433 	2432 	2481
f 2432 	2480 	2481
f 2434 	2433 	2482
f 2433 	2481 	2482
f 2435 	2434 	2483
f 2434 	2482 	2483
f 2436 	2435 	2484
f 2435 	2483 	2484
f 2437 	2436 	2485
f 2436 	2484 	2485
f 2438 	2437 	2486
f 2437 	2485 	2486
f 2439 	2438 	2487
f 2438 	2486 	2487
f 2440 	2439 	2488
f 2439 	2487 	2488
f 2441 	2440 	2489
f 2440 	2488 	2489
f 2442 	2441 	2490
f 2441 	2489 	2490
f 2443 	2442 	2491
f 2442 	2490 	2491
f 2444 	2443 	2492
f 2443 	2491 	2492
f 2445 	2444 	2493
f 2444 	2492 	2493
f 2446 	2445 	2494
f 2445 	2493 	2494
f 2447 	2446 	2495
f 2446 	2494 	2495
f 2400 	2447 	2448
f 2447 	2495 	2448
f 2449 	2448 	2497
f 2448 	2496 	2497
f 2450 	2449 	2498
f 2449 	2497 	2498
f 2451 	2450 	2499
f 2450 	2498 	2499
f 2452 	2451 	2500
f 2451 	2499 	2500
f 2453 	2452 	2501
f 2452 	2500 	2501
f 2454 	2453 	2502
f 2453 	2501 	2502
f 2455 	2454 	2503
f 2454 	2502 	2503
f 2456 	2455 	2504
f 2455 	2503 	2504
f 2457 	2456 	2505
f 2456 	2504 	2505
f 2458 	2457 	2506
f 2457 	2505 	2506
f 2459 	2458 	2507
f 2458 	2506 	2507
f 2460 	2459 	2508
f 2459 	2507 	2508
f 2461 	2460 	2509
f 2460 	2508 	2509
f 2462 	2461 	2510
f 2461 	2509 	2510
f 2463 	2462 	2511
f 2462 	2510 	2511
f 2464 	2463 	2512
f 2463 	2511 	2512
f 2465 	2464 	2513
f 2464 	2512 	2513
f 2466 	2465 	2514
f 2465 	2513 	2514
f 2467 	2466 	2515
f 2466 	2514 	2515
f 2468 	2467 	2516
f 2467 	2515 	2516
f 2469 	2468 	2517
f 2468 	2516 	2517
f 2470 	2469 	2518
f 2469 	2517 	2518
f 2471 	2470 	2519
f 2470 	2518 	2519
f 2472 	2471 	2520
f 2471 	2519 	2520
f 2473 	2472 	2521
f 2472 	2520 	2521
f 2474 	2473 	2522
f 2473 	2521 	2522
f 2475 	2474 	2523
f 2474 	2522 	2523
f 2476 	2475 	2524
f 2475 	2523 	2524
f 2477 	2476 	2525
f 2476 	2524 	2525
f 2478 	2477 	2526
f 2477 	2525 	2526
f 2479 	2478 	2527
f 2478 	2526 	2527
f 2480 	2479 	2528
f 2479 	2527 	2528
f 2481 	2480 	2529
f 2480 	2528 	2529
f 2482 	2481 	2530
f 2481 	2529 	2530
f 2483 	2482 	2531
f 2482 	2530 	2531
f 2484 	2483 	2532
f 2483 	2531 	2532
f 2485 	2484 	2533
f 2484 	2532 	2533
f 2486 	2485 	2534
f 2485 	2533 	2534
f 2487 	2486 	2535
f 2486 	2534 	2535
f 2488 	2487 	2536
f 2487 	2535 	2536
f 2489 	2488 	2537
f 2488 	2536 	2537
f 2490 	2489 	2538
f 2489 	2537 	2538
f 2491 	2490 	2539
f 2490 	2538 	2539
f 2492 	2491 	2540
f 2491 	2539 	2540
f 2493 	2492 	2541
f 2492 	2540 	2541
f 2494 	2493 	2542
f 2493 	2541 	2542
f 2495 	2494 	2543
f 2494 	2542 	2543
f 2448 	2495 	2496
f 2495 	2543 	2496
f 2497 	2496 	2545
f 2496 	2544 	2545
f 2498 	2497 	2546
f 2497 	2545 	2546
f 2499 	2498 	2547
f 2498 	2546 	2547
f 2500 	2499 	2548
f 2499 	2547 	2548
f 2501 	2500 	2549
f 2500 	2548 	2549
f 2502 	2501 	2550
f 2501 	2549 	2550
f 2503 	2502 	2551
f 2502 	2550 	2551
f 2504 	2503 	2552
f 2503 	2551 	2552
f 2505 	2504 	2553
f 2504 	2552 	2553
f 2506 	2505 	2554
f 2505 	2553 	2554
f 2507 	2506 	2555
f 2506 	2554 	2555
f 2508 	2507 	2556
f 2507 	2555 	2556
f 2509 	2508 	2557
f 2508 	2556 	2557
f 2510 	2509 	2558
f 2509 	2557 	2558
f 2511 	2510 	2559
f 2510 	2558 	2559
f 2512 	2511 	2560
f 2511 	2559 	2560
f 2513 	2512 	2561
f 2512 	2560 	2561
f 2514 	2513 	2562
f 2513 	2561 	2562
f 2515 	2514 	2563
f 2514 	2562 	2563
f 2516 	2515 	2564
f 2515 	2563 	2564
f 2517 	2516 	2565
f 2516 	2564 	2565
f 2518 	2517 	2566
f 2517 	2565 	2566
f 2519 	2518 	2567
f 2518 	2566 	2567
f 2520 	2519 	2568
f 2519 	2567 	2568
f 2521 	2520 	2569
f 2520 	2568 	2569
f 2522 	2521 	2570
f 2521 	2569 	2570
f 2523 	2522 	2571
f 2522 	2570 	2571
f 2524 	2523 	2572
f 2523 	2571 	2572
f 2525 	2524 	2573
f 2524 	2572 	2573
f 2526 	2525 	2574
f 2525 	2573 	2574
f 2527 	2526 	2575
f 2526 	2574 	2575
f 2528 	2527 	2576
f 2527 	2575 	2576
f 2529 	2528 	2577
f 2528 	2576 	2577
f 2530 	2529 	2578
f 2529 	2577 	2578
f 2531 	2530 	2579
f 2530 	2578 	2579
f 2532 	2531 	2580
f 2531 	2579 	2580
f 2533 	2532 	2581
f 2532 	2580 	2581
f 2534 	2533 	2582
f 2533 	2581 	2582
f 2535 	2534 	2583
f 2534 	2582 	2583
f 2536 	2535 	2584
f 2535 	2583 	2584
f 2537 	2536 	2585
f 2536 	2584 	2585
f 2538 	2537 	2586
f 2537 	2585 	2586
f 2539 	2538 	2587
f 2538 	2586 	2587
f 2540 	2539 	2588
f 2539 	2587 	2588
f 2541 	2540 	2589
f 2540 	2588 	2589
f 2542 	2541 	2590
f 2541 	2589 	2590
f 2543 	2542 	2591
f 2542 	2590 	2591
f 2496 	2543 	2544
f 2543 	2591 	2544
f 2545 	2544 	2593
f 2544 	2592 	2593
f 2546 	2545 	2594
f 2545 	2593 	2594
f 2547 	2546 	2595
f 2546 	2594 	2595
f 2548 	2547 	2596
f 2547 	2595 	2596
f 2549 	2548 	2597
f 2548 	2596 	2597
f 2550 	2549 	2598
f 2549 	2597 	2598
f 2551 	2550 	2599
f 2550 	2598 	2599
f 2552 	2551 	2600
f 2551 	2599 	2600
f 2553 	2552 	2601
f 2552 	2600 	2601
f 2554 	2553 	2602
f 2553 	2601 	2602
f 2555 	2554 	2603
f 2554 	2602 	2603
f 2556 	2555 	2604
f 2555 	2603 	2604
f 2557 	2556 	2605
f 2556 	2604 	2605
f 2558 	2557 	2606
f 2557 	2605 	2606
f 2559 	2558 	2607
f 2558 	2606 	2607
f 2560 	2559 	2608
f 2559 	2607 	2608
f 2561 	2560 	2609
f 2560 	2608 	2609
f 2562 	2561 	2610
f 2561 	2609 	2610
f 2563 	2562 	2611
f 2562 	2610 	2611
f 2564 	2563 	2612
f 2563 	2611 	2612
f 2565 	2564 	2613
f 2564 	2612 	2613
f 2566 	2565 	2614
f 2565 	2613 	2614
f 2567 	2566 	2615
f 2566 	2614 	2615
f 2568 	2567 	2616
f 2567 	2615 	2616
f 2569 	2568 	2617
f 2568 	2616 	2617
f 2570 	2569 	2618
f 2569 	2617 	2618
f 2571 	2570 	2619
f 2570 	2618 	2619
f 2572 	2571 	2620
f 2571 	2619 	2620
f 2573 	2572 	2621
f 2572 	2620 	2621
f 2574 	2573 	2622
f 2573 	2621 	2622
f 2575 	2574 	2623
f 2574 	2622 	2623
f 2576 	2575 	2624
f 2575 	2623 	2624
f 2577 	2576 	2625
f 2576 	2624 	2625
f 2578 	2577 	2626
f 2577 	2625 	2626
f 2579 	2578 	2627
f 2578 	2626 	2627
f 2580 	2579 	2628
f 2579 	2627 	2628
f 2581 	2580 	2629
f 2580 	2628 	2629
f 2582 	2581 	2630
f 2581 	2629 	2630
f 2583 	2582 	2631
f 2582 	2630 	2631
f 2584 	2583 	2632
f 2583 	2631 	2632
f 2585 	2584 	2633
f 2584 	2632 	2633
f 2586 	2585 	2634
f 2585 	2633 	2634
f 2587 	2586 	2635
f 2586 	2634 	2635
f 2588 	2587 	2636
f 2587 	2635 	2636
f 2589 	2588 	2637
f 2588 	2636 	2637
f 2590 	2589 	2638
f 2589 	2637 	2638
f 2591 	2590 	2639
f 2590 	2638 	2639
f 2544 	2591 	2592
f 2591 	2639 	2592
f 2593 	2592 	2641
f 2592 	2640 	2641
f 2594 	2593 	2642
f 2593 	2641 	2642
f 2595 	2594 	2643
f 2594 	2642 	2643
f 2596 	2595 	2644
f 2595 	2643 	2644
f 2597 	2596 	2645
f 2596 	2644 	2645
f 2598 	2597 	2646
f 2597 	2645 	2646
f 2599 	2598 	2647
f 2598 	2646 	2647
f 2600 	2599 	2648
f 2599 	2647 	2648
f 2601 	2600 	2649
f 2600 	2648 	2649
f 2602 	2601 	2650
f 2601 	2649 	2650
f 2603 	2602 	2651
f 2602 	2650 	2651
f 2604 	2603 	2652
f 2603 	2651 	2652
f 2605 	2604 	2653
f 2604 	2652 	2653
f 2606 	2605 	2654
f 2605 	2653 	2654
f 2607 	2606 	2655
f 2606 	2654 	2655
f 2608 	2607 	2656
f 2607 	2655 	2656
f 2609 	2608 	2657
f 2608 	2656 	2657
f 2610 	2609 	2658
f 2609 	2657 	2658
f 2611 	2610 	2659
f 2610 	2658 	2659
f 2612 	2611 	2660
f 2611 	2659 	2660
f 2613 	2612 	2661
f 2612 	2660 	2661
f 2614 	2613 	2662
f 2613 	2661 	2662
f 2615 	2614 	2663
f 2614 	2662 	2663
f 2616 	2615 	2664
f 2615 	2663 	2664
f 2617 	2616 	2665
f 2616 	2664 	2665
f 2618 	2617 	2666
f 2617 	2665 	2666
f 2619 	2618 	2667
f 2618 	2666 	2667
f 2620 	2619 	2668
f 2619 	2667 	2668
f 2621 	2620 	2669
f 2620 	2668 	2669
f 2622 	2621 	2670
f 2621 	2669 	2670
f 2623 	2622 	2671
f 2622 	2670 	2671
f 2624 	2623 	2672
f 2623 	2671 	2672
f 2625 	2624 	2673
f 2624 	2672 	2673
f 2626 	2625 	2674
f 2625 	2673 	2674
f 2627 	2626 	2675
f 2626 	2674 	2675
f 2628 	2627 	2676
f 2627 	2675 	2676
f 2629 	2628 	2677
f 2628 	2676 	2677
f 2630 	2629 	2678
f 2629 	2677 	2678
f 2631 	2630 	2679
f 2630 	2678 	2679
f 2632 	2631 	2680
f 2631 	2679 	2680
f 2633 	2632 	2681
f 2632 	2680 	2681
f 2634 	2633 	2682
f 2633 	2681 	2682
f 2635 	2634 	2683
f 2634 	2682 	2683
f 2636 	2635 	2684
f 2635 	2683 	2684
f 2637 	2636 	2685
f 2636 	2684 	2685
f 2638 	2637 	2686
f 2637 	2685 	2686
f 2639 	2638 	2687
f 2638 	2686 	2687
f 2592 	2639 	2640
f 2639 	2687 	2640
f 2641 	2640 	2689
f 2640 	2688 	2689
f 2642 	2641 	2690
f 2641 	2689 	2690
f 2643 	2642 	2691
f 2642 	2690 	2691
f 2644 	2643 	2692
f 2643 	2691 	2692
f 2645 	2644 	2693
f 2644 	2692 	2693
f 2646 	2645 	2694
f 2645 	2693 	2694
f 2647 	2646 	2695
f 2646 	2694 	2695
f 2648 	2647 	2696
f 2647 	2695 	2696
f 2649 	2648 	2697
f 2648 	2696 	2697
f 2650 	2649 	2698
f 2649 	2697 	2698
f 2651 	2650 	2699
f 2650 	2698 	2699
f 2652 	2651 	2700
f 2651 	2699 	2700
f 2653 	2652 	2701
f 2652 	2700 	2701
f 2654 	2653 	2702
f 2653 	2701 	2702
f 2655 	2654 	2703
f 2654 	2702 	2703
f 2656 	2655 	2704
f 2655 	2703 	2704
f 2657 	2656 	2705
f 2656 	2704 	2705
f 2658 	2657 	2706
f 2657 	2705 	2706
f 2659 	2658 	2707
f 2658 	2706 	2707
f 2660 	2659 	2708
f 2659 	2707 	2708
f 2661 	2660 	2709
f 2660 	2708 	2709
f 2662 	2661 	2710
f 2661 	2709 	2710
f 2663 	2662 	2711
f 2662 	2710 	2711
f 2664 	2663 	2712
f 2663 	2711 	2712
f 2665 	2664 	2713
f 2664 	2712 	2713
f 2666 	2665 	2714
f 2665 	2713 	2714
f 2667 	2666 	2715
f 2666 	2714 	2715
f 2668 	2667 	2716
f 2667 	2715 	2716
f 2669 	2668 	2717
f 2668 	2716 	2717
f 2670 	2669 	2718
f 2669 	2717 	2718
f 2671 	2670 	2719
f 2670 	2718 	2719
f 2672 	2671 	2720
f 2671 	2719 	2720
f 2673 	2672 	2721
f 2672 	2720 	2721
f 2674 	2673 	2722
f 2673 	2721 	2722
f 2675 	2674 	2723
f 2674 	2722 	2723
f 2676 	2675 	2724
f 2675 	2723 	2724
f 2677 	2676 	2725
f 2676 	2724 	2725
f 2678 	2677 	2726
f 2677 	2725 	2726
f 2679 	2678 	2727
f 2678 	2726 	2727
f 2680 	2679 	2728
f 2679 	2727 	2728
f 2681 	2680 	2729
f 2680 	2728 	2729
f 2682 	2681 	2730
f 2681 	2729 	2730
f 2683 	2682 	2731
f 2682 	2730 	2731
f 2684 	2683 	2732
f 2683 	2731 	2732
f 2685 	2684 	2733
f 2684 	2732 	2733
f 2686 	2685 	2734
f 2685 	2733 	2734
f 2687 	2686 	2735
f 2686 	2734 	2735
f 2640 	2687 	2688
f 2687 	2735 	2688
f 2689 	2688 	2737
f 2688 	2736 	2737
f 2690 	2689 	2738
f 2689 	2737 	2738
f 2691 	2690 	2739
f 2690 	2738 	2739
f 2692 	2691 	2740
f 2691 	2739 	2740
f 2693 	2692 	2741
f 2692 	2740 	2741
f 2694 	2693 	2742
f 2693 	2741 	2742
f 2695 	2694 	2743
f 2694 	2742 	2743
f 2696 	2695 	2744
f 2695 	2743 	2744
f 2697 	2696 	2745
f 2696 	2744 	2745
f 2698 	2697 	2746
f 2697 	2745 	2746
f 2699 	2698 	2747
f 2698 	2746 	2747
f 2700 	2699 	2748
f 2699 	2747 	2748
f 2701 	2700 	2749
f 2700 	2748 	2749
f 2702 	2701 	2750
f 2701 	2749 	2750
f 2703 	2702 	2751
f 2702 	2750 	2751
f 2704 	2703 	2752
f 2703 	2751 	2752
f 2705 	2704 	2753
f 2704 	2752 	2753
f 2706 	2705 	2754
f 2705 	2753 	2754
f 2707 	2706 	2755
f 2706 	2754 	2755
f 2708 	2707 	2756
f 2707 	2755 	2756
f 2709 	2708 	2757
f 2708 	2756 	2757
f 2710 	2709 	2758
f 2709 	2757 	2758
f 2711 	2710 	2759
f 2710 	2758 	2759
f 2712 	2711 	2760
f 2711 	2759 	2760
f 2713 	2712 	2761
f 2712 	2760 	2761
f 2714 	2713 	2762
f 2713 	2761 	2762
f 2715 	2714 	2763
f 2714 	2762 	2763
f 2716 	2715 	2764
f 2715 	2763 	2764
f 2717 	2716 	2765
f 2716 	2764 	2765
f 2718 	2717 	2766
f 2717 	2765 	2766
f 2719 	2718 	2767
f 2718 	2766 	2767
f 2720 	2719 	2768
f 2719 	2767 	2768
f 2721 	2720 	2769
f 2720 	2768 	2769
f 2722 	2721 	2770
f 2721 	2769 	2770
f 2723 	2722 	2771
f 2722 	2770 	2771
f 2724 	2723 	2772
f 2723 	2771 	2772
f 2725 	2724 	2773
f 2724 	2772 	2773
f 2726 	2725 	2774
f 2725 	2773 	2774
f 2727 	2726 	2775
f 2726 	2774 	2775
f 2728 	2727 	2776
f 2727 	2775 	2776
f 2729 	2728 	2777
f 2728 	2776 	2777
f 2730 	2729 	2778
f 2729 	2777 	2778
f 2731 	2730 	2779
f 2730 	2778 	2779
f 2732 	2731 	2780
f 2731 	2779 	2780
f 2733 	2732 	2781
f 2732 	2780 	2781
f 2734 	2733 	2782
f 2733 	2781 	2782
f 2735 	2734 	2783
f 2734 	2782 	2783
f 2688 	2735 	2736
f 2735 	2783 	2736
f 2737 	2736 	2785
f 2736 	2784 	2785
f 2738 	2737 	2786
f 2737 	2785 	2786
f 2739 	2738 	2787
f 2738 	2786 	2787
f 2740 	2739 	2788
f 2739 	2787 	2788
f 2741 	2740 	2789
f 2740 	2788 	2789
f 2742 	2741 	2790
f 2741 	2789 	2790
f 2743 	2742 	2791
f 2742 	2790 	2791
f 2744 	2743 	2792
f 2743 	2791 	2792
f 2745 	2744 	2793
f 2744 	2792 	2793
f 2746 	2745 	2794
f 2745 	2793 	2794
f 2747 	2746 	2795
f 2746 	2794 	2795
f 2748 	2747 	2796
f 2747 	2795 	2796
f 2749 	2748 	2797
f 2748 	2796 	2797
f 2750 	2749 	2798
f 2749 	2797 	2798
f 2751 	2750 	2799
f 2750 	2798 	2799
f 2752 	2751 	2800
f 2751 	2799 	2800
f 2753 	2752 	2801
f 2752 	2800 	2801
f 2754 	2753 	2802
f 2753 	2801 	2802
f 2755 	2754 	2803
f 2754 	2802 	2803
f 2756 	2755 	2804
f 2755 	2803 	2804
f 2757 	2756 	2805
f 2756 	2804 	2805
f 2758 	2757 	2806
f 2757 	2805 	2806
f 2759 	2758 	2807
f 2758 	2806 	2807
f 2760 	2759 	2808
f 2759 	2807 	2808
f 2761 	2760 	2809
f 2760 	2808 	2809
f 2762 	2761 	2810
f 2761 	2809 	2810
f 2763 	2762 	2811
f 2762 	2810 	2811
f 2764 	2763 	2812
f 2763 	2811 	2812
f 2765 	2764 	2813
f 2764 	2812 	2813
f 2766 	2765 	2814
f 2765 	2813 	2814
f 2767 	2766 	2815
f 2766 	2814 	2815
f 2768 	2767 	2816
f 2767 	2815 	2816
f 2769 	2768 	2817
f 2768 	2816 	2817
f 2770 	2769 	2818
f 2769 	2817 	2818
f 2771 	2770 	2819
f 2770 	2818 	2819
f 2772 	2771 	2820
f 2771 	2819 	2820
f 2773 	2772 	2821
f 2772 	2820 	2821
f 2774 	2773 	2822
f 2773 	2821 	2822
f 2775 	2774 	2823
f 2774 	2822 	2823
f 2776 	2775 	2824
f 2775 	2823 	2824
f 2777 	2776 	2825
f 2776 	2824 	2825
f 2778 	2777 	2826
f 2777 	2825 	2826
f 2779 	2778 	2827
f 2778 	2826 	2827
f 2780 	2779 	2828
f 2779 	2827 	2828
f 2781 	2780 	2829
f 2780 	2828 	2829
f 2782 	2781 	2830
f 2781 	2829 	2830
f 2783 	2782 	2831
f 2782 	2830 	2831
f 2736 	2783 	2784
f 2783 	2831 	2784
f 2785 	2784 	2833
f 2784 	2832 	2833
f 2786 	2785 	2834
f 2785 	2833 	2834
f 2787 	2786 	2835
f 2786 	2834 	2835
f 2788 	2787 	2836
f 2787 	2835 	2836
f 2789 	2788 	2837
f 2788 	2836 	2837
f 2790 	2789 	2838
f 2789 	2837 	2838
f 2791 	2790 	2839
f 2790 	2838 	2839
f 2792 	2791 	2840
f 2791 	2839 	2840
f 2793 	2792 	2841
f 2792 	2840 	2841
f 2794 	2793 	2842
f 2793 	2841 	2842
f 2795 	2794 	2843
f 2794 	2842 	2843
f 2796 	2795 	2844
f 2795 	2843 	2844
f 2797 	2796 	2845
f 2796 	2844 	2845
f 2798 	2797 	2846
f 2797 	2845 	2846
f 2799 	2798 	2847
f 2798 	2846 	2847
f 2800 	2799 	2848
f 2799 	2847 	2848
f 2801 	2800 	2849
f 2800 	2848 	2849
f 2802 	2801 	2850
f 2801 	2849 	2850
f 2803 	2802 	2851
f 2802 	2850 	2851
f 2804 	2803 	2852
f 2803 	2851 	2852
f 2805 	2804 	2853
f 2804 	2852 	2853
f 2806 	2805 	2854
f 2805 	2853 	2854
f 2807 	2806 	2855
f 2806 	2854 	2855
f 2808 	2807 	2856
f 2807 	2855 	2856
f 2809 	2808 	2857
f 2808 	2856 	2857
f 2810 	2809 	2858
f 2809 	2857 	2858
f 2811 	2810 	2859
f 2810 	2858 	2859
f 2812 	2811 	2860
f 2811 	2859 	2860
f 2813 	2812 	2861
f 2812 	2860 	2861
f 2814 	2813 	2862
f 2813 	2861 	2862
f 2815 	2814 	2863
f 2814 	2862 	2863
f 2816 	2815 	2864
f 2815 	2863 	2864
f 2817 	2816 	2865
f 2816 	2864 	2865
f 2818 	2817 	2866
f 2817 	2865 	2866
f 2819 	2818 	2867
f 2818 	2866 	2867
f 2820 	2819 	2868
f 2819 	2867 	2868
f 2821 	2820 	2869
f 2820 	2868 	2869
f 2822 	2821 	2870
f 2821 	2869 	2870
f 2823 	2822 	2871
f 2822 	2870 	2871
f 2824 	2823 	2872
f 2823 	2871 	2872
f 2825 	2824 	2873
f 2824 	2872 	2873
f 2826 	2825 	2874
f 2825 	2873 	2874
f 2827 	2826 	2875
f 2826 	2874 	2875
f 2828 	2827 	2876
f 2827 	2875 	2876
f 2829 	2828 	2877
f 2828 	2876 	2877
f 2830 	2829 	2878
f 2829 	2877 	2878
f 2831 	2830 	2879
f 2830 	2878 	2879
f 2784 	2831 	2832
f 2831 	2879 	2832
f 2833 	2832 	2881
f 2832 	2880 	2881
f 2834 	2833 	2882
f 2833 	2881 	2882
f 2835 	2834 	2883
f 2834 	2882 	2883
f 2836 	2835 	2884
f 2835 	2883 	2884
f 2837 	2836 	2885
f 2836 	2884 	2885
f 2838 	2837 	2886
f 2837 	2885 	2886
f 2839 	2838 	2887
f 2838 	2886 	2887
f 2840 	2839 	2888
f 2839 	2887 	2888
f 2841 	2840 	2889
f 2840 	2888 	2889
f 2842 	2841 	2890
f 2841 	2889 	2890
f 2843 	2842 	2891
f 2842 	2890 	2891
f 2844 	2843 	2892
f 2843 	2891 	2892
f 2845 	2844 	2893
f 2844 	2892 	2893
f 2846 	2845 	2894
f 2845 	2893 	2894
f 2847 	2846 	2895
f 2846 	2894 	2895
f 2848 	2847 	2896
f 2847 	2895 	2896
f 2849 	2848 	2897
f 2848 	2896 	2897
f 2850 	2849 	2898
f 2849 	2897 	2898
f 2851 	2850 	2899
f 2850 	2898 	2899
f 2852 	2851 	2900
f 2851 	2899 	2900
f 2853 	2852 	2901
f 2852 	2900 	2901
f 2854 	2853 	2902
f 2853 	2901 	2902
f 2855 	2854 	2903
f 2854 	2902 	2903
f 2856 	2855 	2904
f 2855 	2903 	2904
f 2857 	2856 	2905
f 2856 	2904 	2905
f 2858 	2857 	2906
f 2857 	2905 	2906
f 2859 	2858 	2907
f 2858 	2906 	2907
f 2860 	2859 	2908
f 2859 	2907 	2908
f 2861 	2860 	2909
f 2860 	2908 	2909
f 2862 	2861 	2910
f 2861 	2909 	2910
f 2863 	2862 	2911
f 2862 	2910 	2911
f 2864 	2863 	2912
f 2863 	2911 	2912
f 2865 	2864 	2913
f 2864 	2912 	2913
f 2866 	2865 	2914
f 2865 	2913 	2914
f 2867 	2866 	2915
f 2866 	2914 	2915
f 2868 	2867 	2916
f 2867 	2915 	2916
f 2869 	2868 	2917
f 2868 	2916 	2917
f 2870 	2869 	2918
f 2869 	2917 	2918
f 2871 	2870 	2919
f 2870 	2918 	2919
f 2872 	2871 	2920
f 2871 	2919 	2920
f 2873 	2872 	2921
f 2872 	2920 	2921
f 2874 	2873 	2922
f 2873 	2921 	2922
f 2875 	2874 	2923
f 2874 	2922 	2923
f 2876 	2875 	2924
f 2875 	2923 	2924
f 2877 	2876 	2925
f 2876 	2924 	2925
f 2878 	2877 	2926
f 2877 	2925 	2926
f 2879 	2878 	2927
f 2878 	2926 	2927
f 2832 	2879 	2880
f 2879 	2927 	2880
f 2881 	2880 	2929
f 2880 	2928 	2929
f 2882 	2881 	2930
f 2881 	2929 	2930
f 2883 	2882 	2931
f 2882 	2930 	2931
f 2884 	2883 	2932
f 2883 	2931 	2932
f 2885 	2884 	2933
f 2884 	2932 	2933
f 2886 	2885 	2934
f 2885 	2933 	2934
f 2887 	2886 	2935
f 2886 	2934 	2935
f 2888 	2887 	2936
f 2887 	2935 	2936
f 2889 	2888 	2937
f 2888 	2936 	2937
f 2890 	2889 	2938
f 2889 	2937 	2938
f 2891 	2890 	2939
f 2890 	2938 	2939
f 2892 	2891 	2940
f 2891 	2939 	2940
f 2893 	2892 	2941
f 2892 	2940 	2941
f 2894 	2893 	2942
f 2893 	2941 	2942
f 2895 	2894 	2943
f 2894 	2942 	2943
f 2896 	2895 	2944
f 2895 	2943 	2944
f 2897 	2896 	2945
f 2896 	2944 	2945
f 2898 	2897 	2946
f 2897 	2945 	2946
f 2899 	2898 	2947
f 2898 	2946 	2947
f 2900 	2899 	2948
f 2899 	2947 	2948
f 2901 	2900 	2949
f 2900 	2948 	2949
f 2902 	2901 	2950
f 2901 	2949 	2950
f 2903 	2902 	2951
f 2902 	2950 	2951
f 2904 	2903 	2952
f 2903 	2951 	2952
f 2905 	2904 	2953
f 2904 	2952 	2953
f 2906 	2905 	2954
f 2905 	2953 	2954
f 2907 	2906 	2955
f 2906 	2954 	2955
f 2908 	2907 	2956
f 2907 	2955 	2956
f 2909 	2908 	2957
f 2908 	2956 	2957
f 2910 	2909 	2958
f 2909 	2957 	2958
f 2911 	2910 	2959
f 2910 	2958 	2959
f 2912 	2911 	2960
f 2911 	2959 	2960
f 2913 	2912 	2961
f 2912 	2960 	2961
f 2914 	2913 	2962
f 2913 	2961 	2962
f 2915 	2914 	2963
f 2914 	2962 	2963
f 2916 	2915 	2964
f 2915 	2963 	2964
f 2917 	2916 	2965
f 2916 	2964 	2965
f 2918 	2917 	2966
f 2917 	2965 	2966
f 2919 	2918 	2967
f 2918 	2966 	2967
f 2920 	2919 	2968
f 2919 	2967 	2968
f 2921 	2920 	2969
f 2920 	2968 	2969
f 2922 	2921 	2970
f 2921 	2969 	2970
f 2923 	2922 	2971
f 2922 	2970 	2971
f 2924 	2923 	2972
f 2923 	2971 	2972
f 2925 	2924 	2973
f 2924 	2972 	2973
f 2926 	2925 	2974
f 2925 	2973 	2974
f 2927 	2926 	2975
f 2926 	2974 	2975
f 2880 	2927 	2928
f 2927 	2975 	2928
f 2929 	2928 	2977
f 2928 	2976 	2977
f 2930 	2929 	2978
f 2929 	2977 	2978
f 2931 	2930 	2979
f 2930 	2978 	2979
f 2932 	2931 	2980
f 2931 	2979 	2980
f 2933 	2932 	2981
f 2932 	2980 	2981
f 2934 	2933 	2982
f 2933 	2981 	2982
f 2935 	2934 	2983
f 2934 	2982 	2983
f 2936 	2935 	2984
f 2935 	2983 	2984
f 2937 	2936 	2985
f 2936 	2984 	2985
f 2938 	2937 	2986
f 2937 	2985 	2986
f 2939 	2938 	2987
f 2938 	2986 	2987
f 2940 	2939 	2988
f 2939 	2987 	2988
f 2941 	2940 	2989
f 2940 	2988 	2989
f 2942 	2941 	2990
f 2941 	2989 	2990
f 2943 	2942 	2991
f 2942 	2990 	2991
f 2944 	2943 	2992
f 2943 	2991 	2992
f 2945 	2944 	2993
f 2944 	2992 	2993
f 2946 	2945 	2994
f 2945 	2993 	2994
f 2947 	2946 	2995
f 2946 	2994 	2995
f 2948 	2947 	2996
f 2947 	2995 	2996
f 2949 	2948 	2997
f 2948 	2996 	2997
f 2950 	2949 	2998
f 2949 	2997 	2998
f 2951 	2950 	2999
f 2950 	2998 	2999
f 2952 	2951 	3000
f 2951 	2999 	3000
f 2953 	2952 	3001
f 2952 	3000 	3001
f 2954 	2953 	3002
f 2953 	3001 	3002
f 2955 	2954 	3003
f 2954 	3002 	3003
f 2956 	2955 	3004
f 2955 	3003 	3004
f 2957 	2956 	3005
f 2956 	3004 	3005
f 2958 	2957 	3006
f 2957 	3005 	3006
f 2959 	2958 	3007
f 2958 	3006 	3007
f 2960 	2959 	3008
f 2959 	3007 	3008
f 2961 	2960 	3009
f 2960 	3008 	3009
f 2962 	2961 	3010
f 2961 	3009 	3010
f 2963 	2962 	3011
f 2962 	3010 	3011
f 2964 	2963 	3012
f 2963 	3011 	3012
f 2965 	2964 	3013
f 2964 	3012 	3013
f 2966 	2965 	3014
f 2965 	3013 	3014
f 2967 	2966 	3015
f 2966 	3014 	3015
f 2968 	2967 	3016
f 2967 	3015 	3016
f 2969 	2968 	3017
f 2968 	3016 	3017
f 2970 	2969 	3018
f 2969 	3017 	3018
f 2971 	2970 	3019
f 2970 	3018 	3019
f 2972 	2971 	3020
f 2971 	3019 	3020
f 2973 	2972 	3021
f 2972 	3020 	3021
f 2974 	2973 	3022
f 2973 	3021 	3022
f 2975 	2974 	3023
f 2974 	3022 	3023
f 2928 	2975 	2976
f 2975 	3023 	2976
f 2977 	2976 	3025
f 2976 	3024 	3025
f 2978 	2977 	3026
f 2977 	3025 	3026
f 2979 	2978 	3027
f 2978 	3026 	3027
f 2980 	2979 	3028
f 2979 	3027 	3028
f 2981 	2980 	3029
f 2980 	3028 	3029
f 2982 	2981 	3030
f 2981 	3029 	3030
f 2983 	2982 	3031
f 2982 	3030 	3031
f 2984 	2983 	3032
f 2983 	3031 	3032
f 2985 	2984 	3033
f 2984 	3032 	3033
f 2986 	2985 	3034
f 2985 	3033 	3034
f 2987 	2986 	3035
f 2986 	3034 	3035
f 2988 	2987 	3036
f 2987 	3035 	3036
f 2989 	2988 	3037
f 2988 	3036 	3037
f 2990 	2989 	3038
f 2989 	3037 	3038
f 2991 	2990 	3039
f 2990 	3038 	3039
f 2992 	2991 	3040
f 2991 	3039 	3040
f 2993 	2992 	3041
f 2992 	3040 	3041
f 2994 	2993 	3042
f 2993 	3041 	3042
f 2995 	2994 	3043
f 2994 	3042 	3043
f 2996 	2995 	3044
f 2995 	3043 	3044
f 2997 	2996 	3045
f 2996 	3044 	3045
f 2998 	2997 	3046
f 2997 	3045 	3046
f 2999 	2998 	3047
f 2998 	3046 	3047
f 3000 	2999 	3048
f 2999 	3047 	3048
f 3001 	3000 	3049
f 3000 	3048 	3049
f 3002 	3001 	3050
f 3001 	3049 	3050
f 3003 	3002 	3051
f 3002 	3050 	3051
f 3004 	3003 	3052
f 3003 	3051 	3052
f 3005 	3004 	3053
f 3004 	3052 	3053
f 3006 	3005 	3054
f 3005 	3053 	3054
f 3007 	3006 	3055
f 3006 	3054 	3055
f 3008 	3007 	3056
f 3007 	3055 	3056
f 3009 	3008 	3057
f 3008 	3056 	3057
f 3010 	3009 	3058
f 3009 	3057 	3058
f 3011 	3010 	3059
f 3010 	3058 	3059
f 3012 	3011 	3060
f 3011 	3059 	3060
f 3013 	3012 	3061
f 3012 	3060 	3061
f 3014 	3013 	3062
f 3013 	3061 	3062
f 3015 	3014 	3063
f 3014 	3062 	3063
f 3016 	3015 	3064
f 3015 	3063 	3064
f 3017 	3016 	3065
f 3016 	3064 	3065
f 3018 	3017 	3066
f 3017 	3065 	3066
f 3019 	3018 	3067
f 3018 	3066 	3067
f 3020 	3019 	3068
f 3019 	3067 	3068
f 3021 	3020 	3069
f 3020 	3068 	3069
f 3022 	3021 	3070
f 3021 	3069 	3070
f 3023 	3022 	3071
f 3022 	3070 	3071
f 2976 	3023 	3024
f 3023 	3071 	3024
f 3025 	3024 	3073
f 3024 	3072 	3073
f 3026 	3025 	3074
f 3025 	3073 	3074
f 3027 	3026 	3075
f 3026 	3074 	3075
f 3028 	3027 	3076
f 3027 	3075 	3076
f 3029 	3028 	3077
f 3028 	3076 	3077
f 3030 	3029 	3078
f 3029 	3077 	3078
f 3031 	3030 	3079
f 3030 	3078 	3079
f 3032 	3031 	3080
f 3031 	3079 	3080
f 3033 	3032 	3081
f 3032 	3080 	3081
f 3034 	3033 	3082
f 3033 	3081 	3082
f 3035 	3034 	3083
f 3034 	3082 	3083
f 3036 	3035 	3084
f 3035 	3083 	3084
f 3037 	3036 	3085
f 3036 	3084 	3085
f 3038 	3037 	3086
f 3037 	3085 	3086
f 3039 	3038 	3087
f 3038 	3086 	3087
f 3040 	3039 	3088
f 3039 	3087 	3088
f 3041 	3040 	3089
f 3040 	3088 	3089
f 3042 	3041 	3090
f 3041 	3089 	3090
f 3043 	3042 	3091
f 3042 	3090 	3091
f 3044 	3043 	3092
f 3043 	3091 	3092
f 3045 	3044 	3093
f 3044 	3092 	3093
f 3046 	3045 	3094
f 3045 	3093 	3094
f 3047 	3046 	3095
f 3046 	3094 	3095
f 3048 	3047 	3096
f 3047 	3095 	3096
f 3049 	3048 	3097
f 3048 	3096 	3097
f 3050 	3049 	3098
f 3049 	3097 	3098
f 3051 	3050 	3099
f 3050 	3098 	3099
f 3052 	3051 	3100
f 3051 	3099 	3100
f 3053 	3052 	3101
f 3052 	3100 	3101
f 3054 	3053 	3102
f 3053 	3101 	3102
f 3055 	3054 	3103
f 3054 	3102 	3103
f 3056 	3055 	3104
f 3055 	3103 	3104
f 3057 	3056 	3105
f 3056 	3104 	3105
f 3058 	3057 	3106
f 3057 	3105 	3106
f 3059 	3058 	3107
f 3058 	3106 	3107
f 3060 	3059 	3108
f 3059 	3107 	3108
f 3061 	3060 	3109
f 3060 	3108 	3109
f 3062 	3061 	3110
f 3061 	3109 	3110
f 3063 	3062 	3111
f 3062 	3110 	3111
f 3064 	3063 	3112
f 3063 	3111 	3112
f 3065 	3064 	3113
f 3064 	3112 	3113
f 3066 	3065 	3114
f 3065 	3113 	3114
f 3067 	3066 	3115
f 3066 	3114 	3115
f 3068 	3067 	3116
f 3067 	3115 	3116
f 3069 	3068 	3117
f 3068 	3116 	3117
f 3070 	3069 	3118
f 3069 	3117 	3118
f 3071 	3070 	3119
f 3070 	3118 	3119
f 3024 	3071 	3072
f 3071 	3119 	3072
f 3073 	3072 	3121
f 3072 	3120 	3121
f 3074 	3073 	3122
f 3073 	3121 	3122
f 3075 	3074 	3123
f 3074 	3122 	3123
f 3076 	3075 	3124
f 3075 	3123 	3124
f 3077 	3076 	3125
f 3076 	3124 	3125
f 3078 	3077 	3126
f 3077 	3125 	3126
f 3079 	3078 	3127
f 3078 	3126 	3127
f 3080 	3079 	3128
f 3079 	3127 	3128
f 3081 	3080 	3129
f 3080 	3128 	3129
f 3082 	3081 	3130
f 3081 	3129 	3130
f 3083 	3082 	3131
f 3082 	3130 	3131
f 3084 	3083 	3132
f 3083 	3131 	3132
f 3085 	3084 	3133
f 3084 	3132 	3133
f 3086 	3085 	3134
f 3085 	3133 	3134
f 3087 	3086 	3135
f 3086 	3134 	3135
f 3088 	3087 	3136
f 3087 	3135 	3136
f 3089 	3088 	3137
f 3088 	3136 	3137
f 3090 	3089 	3138
f 3089 	3137 	3138
f 3091 	3090 	3139
f 3090 	3138 	3139
f 3092 	3091 	3140
f 3091 	3139 	3140
f 3093 	3092 	3141
f 3092 	3140 	3141
f 3094 	3093 	3142
f 3093 	3141 	3142
f 3095 	3094 	3143
f 3094 	3142 	3143
f 3096 	3095 	3144
f 3095 	3143 	3144
f 3097 	3096 	3145
f 3096 	3144 	3145
f 3098 	3097 	3146
f 3097 	3145 	3146
f 3099 	3098 	3147
f 3098 	3146 	3147
f 3100 	3099 	3148
f 3099 	3147 	3148
f 3101 	3100 	3149
f 3100 	3148 	3149
f 3102 	3101 	3150
f 3101 	3149 	3150
f 3103 	3102 	3151
f 3102 	3150 	3151
f 3104 	3103 	3152
f 3103 	3151 	3152
f 3105 	3104 	3153
f 3104 	3152 	3153
f 3106 	3105 	3154
f 3105 	3153 	3154
f 3107 	3106 	3155
f 3106 	3154 	3155
f 3108 	3107 	3156
f 3107 	3155 	3156
f 3109 	3108 	3157
f 3108 	3156 	3157
f 3110 	3109 	3158
f 3109 	3157 	3158
f 3111 	3110 	3159
f 3110 	3158 	3159
f 3112 	3111 	3160
f 3111 	3159 	3160
f 3113 	3112 	3161
f 3112 	3160 	3161
f 3114 	3113 	3162
f 3113 	3161 	3162
f 3115 	3114 	3163
f 3114 	3162 	3163
f 3116 	3115 	3164
f 3115 	3163 	3164
f 3117 	3116 	3165
f 3116 	3164 	3165
f 3118 	3117 	3166
f 3117 	3165 	3166
f 3119 	3118 	3167
f 3118 	3166 	3167
f 3072 	3119 	3120
f 3119 	3167 	3120
f 3121 	3120 	3169
f 3120 	3168 	3169
f 3122 	3121 	3170
f 3121 	3169 	3170
f 3123 	3122 	3171
f 3122 	3170 	3171
f 3124 	3123 	3172
f 3123 	3171 	3172
f 3125 	3124 	3173
f 3124 	3172 	3173
f 3126 	3125 	3174
f 3125 	3173 	3174
f 3127 	3126 	3175
f 3126 	3174 	3175
f 3128 	3127 	3176
f 3127 	3175 	3176
f 3129 	3128 	3177
f 3128 	3176 	3177
f 3130 	3129 	3178
f 3129 	3177 	3178
f 3131 	3130 	3179
f 3130 	3178 	3179
f 3132 	3131 	3180
f 3131 	3179 	3180
f 3133 	3132 	3181
f 3132 	3180 	3181
f 3134 	3133 	3182
f 3133 	3181 	3182
f 3135 	3134 	3183
f 3134 	3182 	3183
f 3136 	3135 	3184
f 3135 	3183 	3184
f 3137 	3136 	3185
f 3136 	3184 	3185
f 3138 	3137 	3186
f 3137 	3185 	3186
f 3139 	3138 	3187
f 3138 	3186 	3187
f 3140 	3139 	3188
f 3139 	3187 	3188
f 3141 	3140 	3189
f 3140 	3188 	3189
f 3142 	3141 	3190
f 3141 	3189 	3190
f 3143 	3142 	3191
f 3142 	3190 	3191
f 3144 	3143 	3192
f 3143 	3191 	3192
f 3145 	3144 	3193
f 3144 	3192 	3193
f 3146 	3145 	3194
f 3145 	3193 	3194
f 3147 	3146 	3195
f 3146 	3194 	3195
f 3148 	3147 	3196
f 3147 	3195 	3196
f 3149 	3148 	3197
f 3148 	3196 	3197
f 3150 	3149 	3198
f 3149 	3197 	3198
f 3151 	3150 	3199
f 3150 	3198 	3199
f 3152 	3151 	3200
f 3151 	3199 	3200
f 3153 	3152 	3201
f 3152 	3200 	3201
f 3154 	3153 	3202
f 3153 	3201 	3202
f 3155 	3154 	3203
f 3154 	3202 	3203
f 3156 	3155 	3204
f 3155 	3203 	3204
f 3157 	3156 	3205
f 3156 	3204 	3205
f 3158 	3157 	3206
f 3157 	3205 	3206
f 3159 	3158 	3207
f 3158 	3206 	3207
f 3160 	3159 	3208
f 3159 	3207 	3208
f 3161 	3160 	3209
f 3160 	3208 	3209
f 3162 	3161 	3210
f 3161 	3209 	3210
f 3163 	3162 	3211
f 3162 	3210 	3211
f 3164 	3163 	3212
f 3163 	3211 	3212
f 3165 	3164 	3213
f 3164 	3212 	3213
f 3166 	3165 	3214
f 3165 	3213 	3214
f 3167 	3166 	3215
f 3166 	3214 	3215
f 3120 	3167 	3168
f 3167 	3215 	3168
f 3169 	3168 	3217
f 3168 	3216 	3217
f 3170 	3169 	3218
f 3169 	3217 	3218
f 3171 	3170 	3219
f 3170 	3218 	3219
f 3172 	3171 	3220
f 3171 	3219 	3220
f 3173 	3172 	3221
f 3172 	3220 	3221
f 3174 	3173 	3222
f 3173 	3221 	3222
f 3175 	3174 	3223
f 3174 	3222 	3223
f 3176 	3175 	3224
f 3175 	3223 	3224
f 3177 	3176 	3225
f 3176 	3224 	3225
f 3178 	3177 	3226
f 3177 	3225 	3226
f 3179 	3178 	3227
f 3178 	3226 	3227
f 3180 	3179 	3228
f 3179 	3227 	3228
f 3181 	3180 	3229
f 3180 	3228 	3229
f 3182 	3181 	3230
f 3181 	3229 	3230
f 3183 	3182 	3231
f 3182 	3230 	3231
f 3184 	3183 	3232
f 3183 	3231 	3232
f 3185 	3184 	3233
f 3184 	3232 	3233
f 3186 	3185 	3234
f 3185 	3233 	3234
f 3187 	3186 	3235
f 3186 	3234 	3235
f 3188 	3187 	3236
f 3187 	3235 	3236
f 3189 	3188 	3237
f 3188 	3236 	3237
f 3190 	3189 	3238
f 3189 	3237 	3238
f 3191 	3190 	3239
f 3190 	3238 	3239
f 3192 	3191 	3240
f 3191 	3239 	3240
f 3193 	3192 	3241
f 3192 	3240 	3241
f 3194 	3193 	3242
f 3193 	3241 	3242
f 3195 	3194 	3243
f 3194 	3242 	3243
f 3196 	3195 	3244
f 3195 	3243 	3244
f 3197 	3196 	3245
f 3196 	3244 	3245
f 3198 	3197 	3246
f 3197 	3245 	3246
f 3199 	3198 	3247
f 3198 	3246 	3247
f 3200 	3199 	3248
f 3199 	3247 	3248
f 3201 	3200 	3249
f 3200 	3248 	3249
f 3202 	3201 	3250
f 3201 	3249 	3250
f 3203 	3202 	3251
f 3202 	3250 	3251
f 3204 	3203 	3252
f 3203 	3251 	3252
f 3205 	3204 	3253
f 3204 	3252 	3253
f 3206 	3205 	3254
f 3205 	3253 	3254
f 3207 	3206 	3255
f 3206 	3254 	3255
f 3208 	3207 	3256
f 3207 	3255 	3256
f 3209 	3208 	3257
f 3208 	3256 	3257
f 3210 	3209 	3258
f 3209 	3257 	3258
f 3211 	3210 	3259
f 3210 	3258 	3259
f 3212 	3211 	3260
f 3211 	3259 	3260
f 3213 	3212 	3261
f 3212 	3260 	3261
f 3214 	3213 	3262
f 3213 	3261 	3262
f 3215 	3214 	3263
f 3214 	3262 	3263
f 3168 	3215 	3216
f 3215 	3263 	3216
f 3217 	3216 	3265
f 3216 	3264 	3265
f 3218 	3217 	3266
f 3217 	3265 	3266
f 3219 	3218 	3267
f 3218 	3266 	3267
f 3220 	3219 	3268
f 3219 	3267 	3268
f 3221 	3220 	3269
f 3220 	3268 	3269
f 3222 	3221 	3270
f 3221 	3269 	3270
f 3223 	3222 	3271
f 3222 	3270 	3271
f 3224 	3223 	3272
f 3223 	3271 	3272
f 3225 	3224 	3273
f 3224 	3272 	3273
f 3226 	3225 	3274
f 3225 	3273 	3274
f 3227 	3226 	3275
f 3226 	3274 	3275
f 3228 	3227 	3276
f 3227 	3275 	3276
f 3229 	3228 	3277
f 3228 	3276 	3277
f 3230 	3229 	3278
f 3229 	3277 	3278
f 3231 	3230 	3279
f 3230 	3278 	3279
f 3232 	3231 	3280
f 3231 	3279 	3280
f 3233 	3232 	3281
f 3232 	3280 	3281
f 3234 	3233 	3282
f 3233 	3281 	3282
f 3235 	3234 	3283
f 3234 	3282 	3283
f 3236 	3235 	3284
f 3235 	3283 	3284
f 3237 	3236 	3285
f 3236 	3284 	3285
f 3238 	3237 	3286
f 3237 	3285 	3286
f 3239 	3238 	3287
f 3238 	3286 	3287
f 3240 	3239 	3288
f 3239 	3287 	3288
f 3241 	3240 	3289
f 3240 	3288 	3289
f 3242 	3241 	3290
f 3241 	3289 	3290
f 3243 	3242 	3291
f 3242 	3290 	3291
f 3244 	3243 	3292
f 3243 	3291 	3292
f 3245 	3244 	3293
f 3244 	3292 	3293
f 3246 	3245 	3294
f 3245 	3293 	3294
f 3247 	3246 	3295
f 3246 	3294 	3295
f 3248 	3247 	3296
f 3247 	3295 	3296
f 3249 	3248 	3297
f 3248 	3296 	3297
f 3250 	3249 	3298
f 3249 	3297 	3298
f 3251 	3250 	3299
f 3250 	3298 	3299
f 3252 	3251 	3300
f 3251 	3299 	3300
f 3253 	3252 	3301
f 3252 	3300 	3301
f 3254 	3253 	3302
f 3253 	3301 	3302
f 3255 	3254 	3303
f 3254 	3302 	3303
f 3256 	3255 	3304
f 3255 	3303 	3304
f 3257 	3256 	3305
f 3256 	3304 	3305
f 3258 	3257 	3306
f 3257 	3305 	3306
f 3259 	3258 	3307
f 3258 	3306 	3307
f 3260 	3259 	3308
f 3259 	3307 	3308
f 3261 	3260 	3309
f 3260 	3308 	3309
f 3262 	3261 	3310
f 3261 	3309 	3310
f 3263 	3262 	3311
f 3262 	3310 	3311
f 3216 	3263 	3264
f 3263 	3311 	3264
f 3265 	3264 	3313
f 3264 	3312 	3313
f 3266 	3265 	3314
f 3265 	3313 	3314
f 3267 	3266 	3315
f 3266 	3314 	3315
f 3268 	3267 	3316
f 3267 	3315 	3316
f 3269 	3268 	3317
f 3268 	3316 	3317
f 3270 	3269 	3318
f 3269 	3317 	3318
f 3271 	3270 	3319
f 3270 	3318 	3319
f 3272 	3271 	3320
f 3271 	3319 	3320
f 3273 	3272 	3321
f 3272 	3320 	3321
f 3274 	3273 	3322
f 3273 	3321 	3322
f 3275 	3274 	3323
f 3274 	3322 	3323
f 3276 	3275 	3324
f 3275 	3323 	3324
f 3277 	3276 	3325
f 3276 	3324 	3325
f 3278 	3277 	3326
f 3277 	3325 	3326
f 3279 	3278 	3327
f 3278 	3326 	3327
f 3280 	3279 	3328
f 3279 	3327 	3328
f 3281 	3280 	3329
f 3280 	3328 	3329
f 3282 	3281 	3330
f 3281 	3329 	3330
f 3283 	3282 	3331
f 3282 	3330 	3331
f 3284 	3283 	3332
f 3283 	3331 	3332
f 3285 	3284 	3333
f 3284 	3332 	3333
f 3286 	3285 	3334
f 3285 	3333 	3334
f 3287 	3286 	3335
f 3286 	3334 	3335
f 3288 	3287 	3336
f 3287 	3335 	3336
f 3289 	3288 	3337
f 3288 	3336 	3337
f 3290 	3289 	3338
f 3289 	3337 	3338
f 3291 	3290 	3339
f 3290 	3338 	3339
f 3292 	3291 	3340
f 3291 	3339 	3340
f 3293 	3292 	3341
f 3292 	3340 	3341
f 3294 	3293 	3342
f 3293 	3341 	3342
f 3295 	3294 	3343
f 3294 	3342 	3343
f 3296 	3295 	3344
f 3295 	3343 	3344
f 3297 	3296 	3345
f 3296 	3344 	3345
f 3298 	3297 	3346
f 3297 	3345 	3346
f 3299 	3298 	3347
f 3298 	3346 	3347
f 3300 	3299 	3348
f 3299 	3347 	3348
f 3301 	3300 	3349
f 3300 	3348 	3349
f 3302 	3301 	3350
f 3301 	3349 	3350
f 3303 	3302 	3351
f 3302 	3350 	3351
f 3304 	3303 	3352
f 3303 	3351 	3352
f 3305 	3304 	3353
f 3304 	3352 	3353
f 3306 	3305 	3354
f 3305 	3353 	3354
f 3307 	3306 	3355
f 3306 	3354 	3355
f 3308 	3307 	3356
f 3307 	3355 	3356
f 3309 	3308 	3357
f 3308 	3356 	3357
f 3310 	3309 	3358
f 3309 	3357 	3358
f 3311 	3310 	3359
f 3310 	3358 	3359
f 3264 	3311 	3312
f 3311 	3359 	3312
f 3313 	3312 	3361
f 3312 	3360 	3361
f 3314 	3313 	3362
f 3313 	3361 	3362
f 3315 	3314 	3363
f 3314 	3362 	3363
f 3316 	3315 	3364
f 3315 	3363 	3364
f 3317 	3316 	3365
f 3316 	3364 	3365
f 3318 	3317 	3366
f 3317 	3365 	3366
f 3319 	3318 	3367
f 3318 	3366 	3367
f 3320 	3319 	3368
f 3319 	3367 	3368
f 3321 	3320 	3369
f 3320 	3368 	3369
f 3322 	3321 	3370
f 3321 	3369 	3370
f 3323 	3322 	3371
f 3322 	3370 	3371
f 3324 	3323 	3372
f 3323 	3371 	3372
f 3325 	3324 	3373
f 3324 	3372 	3373
f 3326 	3325 	3374
f 3325 	3373 	3374
f 3327 	3326 	3375
f 3326 	3374 	3375
f 3328 	3327 	3376
f 3327 	3375 	3376
f 3329 	3328 	3377
f 3328 	3376 	3377
f 3330 	3329 	3378
f 3329 	3377 	3378
f 3331 	3330 	3379
f 3330 	3378 	3379
f 3332 	3331 	3380
f 3331 	3379 	3380
f 3333 	3332 	3381
f 3332 	3380 	3381
f 3334 	3333 	3382
f 3333 	3381 	3382
f 3335 	3334 	3383
f 3334 	3382 	3383
f 3336 	3335 	3384
f 3335 	3383 	3384
f 3337 	3336 	3385
f 3336 	3384 	3385
f 3338 	3337 	3386
f 3337 	3385 	3386
f 3339 	3338 	3387
f 3338 	3386 	3387
f 3340 	3339 	3388
f 3339 	3387 	3388
f 3341 	3340 	3389
f 3340 	3388 	3389
f 3342 	3341 	3390
f 3341 	3389 	3390
f 3343 	3342 	3391
f 3342 	3390 	3391
f 3344 	3343 	3392
f 3343 	3391 	3392
f 3345 	3344 	3393
f 3344 	3392 	3393
f 3346 	3345 	3394
f 3345 	3393 	3394
f 3347 	3346 	3395
f 3346 	3394 	3395
f 3348 	3347 	3396
f 3347 	3395 	3396
f 3349 	3348 	3397
f 3348 	3396 	3397
f 3350 	3349 	3398
f 3349 	3397 	3398
f 3351 	3350 	3399
f 3350 	3398 	3399
f 3352 	3351 	3400
f 3351 	3399 	3400
f 3353 	3352 	3401
f 3352 	3400 	3401
f 3354 	3353 	3402
f 3353 	3401 	3402
f 3355 	3354 	3403
f 3354 	3402 	3403
f 3356 	3355 	3404
f 3355 	3403 	3404
f 3357 	3356 	3405
f 3356 	3404 	3405
f 3358 	3357 	3406
f 3357 	3405 	3406
f 3359 	3358 	3407
f 3358 	3406 	3407
f 3312 	3359 	3360
f 3359 	3407 	3360
f 3361 	3360 	3409
f 3360 	3408 	3409
f 3362 	3361 	3410
f 3361 	3409 	3410
f 3363 	3362 	3411
f 3362 	3410 	3411
f 3364 	3363 	3412
f 3363 	3411 	3412
f 3365 	3364 	3413
f 3364 	3412 	3413
f 3366 	3365 	3414
f 3365 	3413 	3414
f 3367 	3366 	3415
f 3366 	3414 	3415
f 3368 	3367 	3416
f 3367 	3415 	3416
f 3369 	3368 	3417
f 3368 	3416 	3417
f 3370 	3369 	3418
f 3369 	3417 	3418
f 3371 	3370 	3419
f 3370 	3418 	3419
f 3372 	3371 	3420
f 3371 	3419 	3420
f 3373 	3372 	3421
f 3372 	3420 	3421
f 3374 	3373 	3422
f 3373 	3421 	3422
f 3375 	3374 	3423
f 3374 	3422 	3423
f 3376 	3375 	3424
f 3375 	3423 	3424
f 3377 	3376 	3425
f 3376 	3424 	3425
f 3378 	3377 	3426
f 3377 	3425 	3426
f 3379 	3378 	3427
f 3378 	3426 	3427
f 3380 	3379 	3428
f 3379 	3427 	3428
f 3381 	3380 	3429
f 3380 	3428 	3429
f 3382 	3381 	3430
f 3381 	3429 	3430
f 3383 	3382 	3431
f 3382 	3430 	3431
f 3384 	3383 	3432
f 3383 	3431 	3432
f 3385 	3384 	3433
f 3384 	3432 	3433
f 3386 	3385 	3434
f 3385 	3433 	3434
f 3387 	3386 	3435
f 3386 	3434 	3435
f 3388 	3387 	3436
f 3387 	3435 	3436
f 3389 	3388 	3437
f 3388 	3436 	3437
f 3390 	3389 	3438
f 3389 	3437 	3438
f 3391 	3390 	3439
f 3390 	3438 	3439
f 3392 	3391 	3440
f 3391 	3439 	3440
f 3393 	3392 	3441
f 3392 	3440 	3441
f 3394 	3393 	3442
f 3393 	3441 	3442
f 3395 	3394 	3443
f 3394 	3442 	3443
f 3396 	3395 	3444
f 3395 	3443 	3444
f 3397 	3396 	3445
f 3396 	3444 	3445
f 3398 	3397 	3446
f 3397 	3445 	3446
f 3399 	3398 	3447
f 3398 	3446 	3447
f 3400 	3399 	3448
f 3399 	3447 	3448
f 3401 	3400 	3449
f 3400 	3448 	3449
f 3402 	3401 	3450
f 3401 	3449 	3450
f 3403 	3402 	3451
f 3402 	3450 	3451
f 3404 	3403 	3452
f 3403 	3451 	3452
f 3405 	3404 	3453
f 3404 	3452 	3453
f 3406 	3405 	3454
f 3405 	3453 	3454
f 3407 	3406 	3455
f 3406 	3454 	3455
f 3360 	3407 	3408
f 3407 	3455 	3408
f 3409 	3408 	3457
f 3408 	3456 	3457
f 3410 	3409 	3458
f 3409 	3457 	3458
f 3411 	3410 	3459
f 3410 	3458 	3459
f 3412 	3411 	3460
f 3411 	3459 	3460
f 3413 	3412 	3461
f 3412 	3460 	3461
f 3414 	3413 	3462
f 3413 	3461 	3462
f 3415 	3414 	3463
f 3414 	3462 	3463
f 3416 	3415 	3464
f 3415 	3463 	3464
f 3417 	3416 	3465
f 3416 	3464 	3465
f 3418 	3417 	3466
f 3417 	3465 	3466
f 3419 	3418 	3467
f 3418 	3466 	3467
f 3420 	3419 	3468
f 3419 	3467 	3468
f 3421 	3420 	3469
f 3420 	3468 	3469
f 3422 	3421 	3470
f 3421 	3469 	3470
f 3423 	3422 	3471
f 3422 	3470 	3471
f 3424 	3423 	3472
f 3423 	3471 	3472
f 3425 	3424 	3473
f 3424 	3472 	3473
f 3426 	3425 	3474
f 3425 	3473 	3474
f 3427 	3426 	3475
f 3426 	3474 	3475
f 3428 	3427 	3476
f 3427 	3475 	3476
f 3429 	3428 	3477
f 3428 	3476 	3477
f 3430 	3429 	3478
f 3429 	3477 	3478
f 3431 	3430 	3479
f 3430 	3478 	3479
f 3432 	3431 	3480
f 3431 	3479 	3480
f 3433 	3432 	3481
f 3432 	3480 	3481
f 3434 	3433 	3482
f 3433 	3481 	3482
f 3435 	3434 	3483
f 3434 	3482 	3483
f 3436 	3435 	3484
f 3435 	3483 	3484
f 3437 	3436 	3485
f 3436 	3484 	3485
f 3438 	3437 	3486
f 3437 	3485 	3486
f 3439 	3438 	3487
f 3438 	3486 	3487
f 3440 	3439 	3488
f 3439 	3487 	3488
f 3441 	3440 	3489
f 3440 	3488 	3489
f 3442 	3441 	3490
f 3441 	3489 	3490
f 3443 	3442 	3491
f 3442 	3490 	3491
f 3444 	3443 	3492
f 3443 	3491 	3492
f 3445 	3444 	3493
f 3444 	3492 	3493
f 3446 	3445 	3494
f 3445 	3493 	3494
f 3447 	3446 	3495
f 3446 	3494 	3495
f 3448 	3447 	3496
f 3447 	3495 	3496
f 3449 	3448 	3497
f 3448 	3496 	3497
f 3450 	3449 	3498
f 3449 	3497 	3498
f 3451 	3450 	3499
f 3450 	3498 	3499
f 3452 	3451 	3500
f 3451 	3499 	3500
f 3453 	3452 	3501
f 3452 	3500 	3501
f 3454 	3453 	3502
f 3453 	3501 	3502
f 3455 	3454 	3503
f 3454 	3502 	3503
f 3408 	3455 	3456
f 3455 	3503 	3456
f 3457 	3456 	3504
f 3458 	3457 	3504
f 3459 	3458 	3504
f 3460 	3459 	3504
f 3461 	3460 	3504
f 3462 	3461 	3504
f 3463 	3462 	3504
f 3464 	3463 	3504
f 3465 	3464 	3504
f 3466 	3465 	3504
f 3467 	3466 	3504
f 3468 	3467 	3504
f 3469 	3468 	3504
f 3470 	3469 	3504
f 3471 	3470 	3504
f 3472 	3471 	3504
f 3473 	3472 	3504
f 3474 	3473 	3504
f 3475 	3474 	3504
f 3476 	3475 	3504
f 3477 	3476 	3504
f 3478 	3477 	3504
f 3479 	3478 	3504
f 3480 	3479 	3504
f 3481 	3480 	3504
f 3482 	3481 	3504
f 3483 	3482 	3504
f 3484 	3483 	3504
f 3485 	3484 	3504
f 3486 	3485 	3504
f 3487 	3486 	3504
f 3488 	3487 	3504
f 3489 	3488 	3504
f 3490 	3489 	3504
f 3491 	3490 	3504
f 3492 	3491 	3504
f 3493 	3492 	3504
f 3494 	3493 	3504
f 3495 	3494 	3504
f 3496 	3495 	3504
f 3497 	3496 	3504
f 3498 	3497 	3504
f 3499 	3498 	3504
f 3500 	3499 	3504
f 3501 	3500 	3504
f 3502 	3501 	3504
f 3503 	3502 	3504
f 3456 	3503 	3504
# 2208 faces

 #end of obj_5

o obj_6
v 45 		40.9607 		56.8569
v 40.84 		40.9607 		39.4249
v 7 		40.9607 		43.2349
v 11.16 		40.9607 		60.6669
v 11.16 		20.9607 		60.6669
v 7 		20.9607 		43.2349
v 40.84 		20.9607 		39.4249
v 45 		20.9607 		56.8569
v 44.8227 		24.6597 		56.114
v 44.8227 		34.6647 		56.114
v 41.2201 		34.6647 		41.0175
v 41.2201 		24.6597 		41.0175
v 10.814 		34.6647 		59.2172
v 10.814 		24.6597 		59.2172
v 7.2114 		24.6597 		44.1207
v 7.2114 		34.6647 		44.1207
# 16 vertices

g group_6_2829873

usemtl color_2829873
s 0

f 3507 	3508 	3506
f 3505 	3506 	3508
f 3509 	3510 	3511
f 3509 	3511 	3512
f 3505 	3509 	3512
f 3508 	3509 	3505
f 3510 	3507 	3511
f 3506 	3511 	3507
f 3505 	3512 	3514
f 3513 	3514 	3512
f 3515 	3516 	3511
f 3512 	3511 	3516
f 3512 	3516 	3513
f 3506 	3505 	3515
f 3511 	3506 	3515
f 3514 	3515 	3505
f 3509 	3517 	3518
f 3519 	3520 	3510
f 3515 	3520 	3519
f 3515 	3519 	3516
f 3518 	3513 	3516
f 3518 	3516 	3519
f 3519 	3510 	3518
f 3510 	3509 	3518
f 3520 	3515 	3517
f 3514 	3517 	3515
f 3510 	3520 	3507
f 3520 	3517 	3507
f 3508 	3507 	3517
f 3508 	3517 	3509
f 3513 	3518 	3517
f 3513 	3517 	3514
# 32 faces

 #end of obj_6

o obj_7
v 10 		37.0287 		71.4929
v 10 		37.7087 		70.7189
v 44 		24.1847 		62.9109
v 10 		38.2807 		69.8629
v 44 		23.8537 		63.8869
v 10 		38.7367 		68.9389
v 44 		23.6527 		64.8969
v 37.003 		26.6667 		59.6769
v 37.003 		25.8927 		60.3569
v 44 		23.5857 		65.9249
v 10 		39.0677 		67.9629
v 10 		36.7107 		75.0179
v 37.003 		25.8262 		60.4325
v 44 		23.6527 		66.9529
v 16.998 		35.4187 		58.0759
v 10 		30.0897 		76.3349
v 16.998 		32.4887 		58.1169
v 10 		28.7427 		76.0669
v 16.998 		31.4607 		58.0499
v 10 		37.8527 		74.2549
v 10 		38.8857 		73.3499
v 10 		39.7907 		72.3169
v 16.998 		30.4327 		58.1169
v 10 		40.5537 		71.1749
v 10 		41.1617 		69.9429
v 10 		41.6027 		68.6429
v 10 		31.4607 		58.0499
v 10 		41.8707 		67.2959
v 10 		30.4327 		58.1169
v 44 		20.9607 		65.9249
v 44 		21.0507 		64.5539
v 44 		21.3187 		63.2069
v 16.998 		34.7117 		57.4949
v 10 		31.4607 		76.4249
v 10 		32.8317 		76.3349
v 10 		34.1787 		76.0669
v 10 		35.4787 		75.6259
v 37.003 		37.0952 		60.4325
v 10 		32.4887 		73.7329
v 10 		31.4607 		73.7999
v 16.998 		29.4227 		58.3179
v 10 		33.4987 		73.5319
v 10 		29.4227 		58.3179
v 10 		34.4747 		73.2009
v 10 		35.3987 		72.7449
v 37.003 		37.0287 		60.3569
v 10 		36.2547 		72.1729
v 37.003 		37.0917 		60.4239
v 37.003 		26.3017 		59.5529
v 10 		28.4467 		73.2009
v 10 		29.4227 		73.5319
v 37.003 		25.8297 		60.4239
v 16.998 		33.9487 		57.0319
v 10 		30.4327 		73.7329
v 16.998 		28.4467 		58.6489
v 10 		27.4427 		75.6259
v 10 		28.4467 		58.6489
v 44 		27.5237 		59.1049
v 10 		25.8927 		71.4929
v 10 		26.6667 		72.1729
v 10 		35.4787 		56.2239
v 10 		27.5237 		72.7449
v 44 		26.6667 		59.6769
v 44 		25.8927 		60.3569
v 16.998 		33.1437 		56.6949
v 10 		22.3677 		71.1749
v 10 		23.1307 		72.3169
v 10 		24.0357 		73.3499
v 10 		25.0687 		74.2549
v 10 		26.2107 		75.0179
v 10 		23.8537 		67.9629
v 10 		24.1847 		68.9389
v 10 		24.6407 		69.8629
v 10 		25.2127 		70.7189
v 10 		21.0507 		67.2959
v 10 		21.3187 		68.6429
v 10 		21.7597 		69.9429
v 44 		24.0357 		58.4999
v 10 		28.7427 		55.7829
v 10 		39.2687 		66.9529
v 10 		39.3357 		65.9249
v 10 		30.0897 		55.5149
v 44 		25.0687 		57.5949
v 10 		39.2687 		64.8969
v 37.003 		36.6197 		59.5529
v 10 		39.0677 		63.8869
v 10 		38.7367 		62.9109
v 10 		31.4607 		55.4249
v 10 		38.2807 		61.9879
v 44 		36.7107 		56.8319
v 10 		32.8317 		55.5149
v 10 		37.7087 		61.1309
v 44 		37.8527 		57.5949
v 10 		41.9607 		65.9249
v 10 		37.0287 		60.3569
v 44 		38.8857 		58.4999
v 44 		26.2107 		56.8319
v 10 		34.1787 		55.7829
v 10 		41.8707 		64.5539
v 10 		41.6027 		63.2069
v 37.003 		36.2547 		59.6769
v 44 		36.2547 		59.6769
v 10 		41.1617 		61.9069
v 10 		40.5537 		60.6749
v 10 		39.7907 		59.5329
v 37.003 		35.3987 		59.1049
v 16.998 		30.6117 		56.4909
v 44 		25.2127 		61.1309
v 16.998 		31.4607 		56.4229
v 44 		24.6407 		61.9879
v 10 		38.8857 		58.4999
v 10 		37.8527 		57.5949
v 10 		36.7107 		56.8319
v 16.998 		29.7777 		56.6949
v 44 		21.7597 		61.9069
v 44 		22.3677 		60.6749
v 44 		23.1307 		59.5329
v 10 		36.2547 		59.6769
v 44 		27.4427 		56.2239
v 10 		35.3987 		59.1049
v 16.998 		28.9727 		57.0319
v 10 		34.4747 		58.6489
v 10 		33.4987 		58.3179
v 44 		35.3987 		59.1049
v 10 		32.4887 		58.1169
v 37.003 		28.2097 		57.4949
v 16.998 		32.3097 		56.4909
v 44 		37.0287 		71.4929
v 37.003 		27.5027 		58.0759
v 44 		37.7087 		70.7189
v 37.003 		26.8627 		58.7659
v 37.003 		34.4747 		58.6489
v 44 		38.2807 		69.8629
v 44 		34.4747 		58.6489
v 44 		38.7367 		68.9389
v 37.003 		33.4987 		58.3179
v 44 		33.4987 		58.3179
v 44 		39.0677 		67.9629
v 44 		36.7107 		75.0179
v 37.003 		32.4887 		58.1169
v 44 		32.4887 		58.1169
v 10 		24.1847 		62.9109
v 10 		23.8537 		63.8869
v 37.003 		36.0587 		58.7659
v 10 		23.6527 		64.8969
v 10 		23.5857 		65.9249
v 10 		23.6527 		66.9529
v 44 		41.8707 		67.2959
v 37.003 		31.4607 		58.0499
v 44 		31.4607 		58.0499
v 10 		21.3187 		63.2069
v 10 		21.0507 		64.5539
v 10 		20.9607 		65.9249
v 37.003 		35.4187 		58.0759
v 44 		41.6027 		68.6429
v 44 		41.1617 		69.9429
v 10 		27.5237 		59.1049
v 10 		26.6667 		59.6769
v 44 		40.5537 		71.1749
v 10 		25.8927 		60.3569
v 37.003 		30.4327 		58.1169
v 44 		30.4327 		58.1169
v 44 		39.7907 		72.3169
v 10 		25.2127 		61.1309
v 37.003 		34.7117 		57.4949
v 44 		38.8857 		73.3499
v 10 		24.6407 		61.9879
v 44 		37.8527 		74.2549
v 16.998 		27.5237 		59.1049
v 10 		23.1307 		59.5329
v 10 		22.3677 		60.6749
v 10 		21.7597 		61.9069
v 37.003 		29.4227 		58.3179
v 44 		29.4227 		58.3179
v 44 		30.0897 		76.3349
v 44 		31.4607 		76.4249
v 16.998 		26.6667 		59.6769
v 44 		28.7427 		76.0669
v 10 		27.4427 		56.2239
v 10 		26.2107 		56.8319
v 10 		25.0687 		57.5949
v 10 		24.0357 		58.4999
v 16.998 		25.8927 		60.3569
v 37.003 		33.9487 		57.0319
v 44 		35.4787 		75.6259
v 44 		34.1787 		76.0669
v 16.998 		25.8262 		60.4325
v 44 		32.8317 		76.3349
v 44 		32.4887 		73.7329
v 44 		31.4607 		73.7999
v 44 		33.4987 		73.5319
v 16.998 		26.3017 		59.5529
v 44 		34.4747 		73.2009
v 44 		35.3987 		72.7449
v 16.998 		25.8297 		60.4239
v 44 		36.2547 		72.1729
v 44 		28.4467 		73.2009
v 44 		29.4227 		73.5319
v 44 		30.4327 		73.7329
v 44 		27.4427 		75.6259
v 44 		25.8927 		71.4929
v 44 		26.6667 		72.1729
v 44 		27.5237 		72.7449
v 44 		25.0687 		74.2549
v 44 		24.0357 		73.3499
v 44 		23.1307 		72.3169
v 44 		22.3677 		71.1749
v 44 		26.2107 		75.0179
v 44 		23.8537 		67.9629
v 44 		24.1847 		68.9389
v 44 		24.6407 		69.8629
v 44 		25.2127 		70.7189
v 44 		21.7597 		69.9429
v 44 		21.3187 		68.6429
v 44 		21.0507 		67.2959
v 44 		39.2687 		66.9529
v 44 		39.3357 		65.9249
v 44 		39.2687 		64.8969
v 44 		39.0677 		63.8869
v 44 		38.7367 		62.9109
v 44 		38.2807 		61.9879
v 16.998 		37.0952 		60.4325
v 44 		37.7087 		61.1309
v 44 		41.9607 		65.9249
v 16.998 		37.0287 		60.3569
v 44 		37.0287 		60.3569
v 44 		41.6027 		63.2069
v 44 		41.8707 		64.5539
v 37.003 		28.4467 		58.6489
v 44 		28.4467 		58.6489
v 44 		39.7907 		59.5329
v 44 		40.5537 		60.6749
v 44 		41.1617 		61.9069
v 44 		35.4787 		56.2239
v 37.003 		33.1437 		56.6949
v 44 		28.7427 		55.7829
v 44 		30.0897 		55.5149
v 44 		31.4607 		55.4249
v 16.998 		37.0917 		60.4239
v 44 		32.8317 		55.5149
v 44 		34.1787 		55.7829
v 37.003 		30.6117 		56.4909
v 37.003 		31.4607 		56.4229
v 16.998 		28.2097 		57.4949
v 37.003 		29.7777 		56.6949
v 16.998 		27.5027 		58.0759
v 16.998 		26.8627 		58.7659
v 37.003 		28.9727 		57.0319
v 37.003 		32.3097 		56.4909
v 16.998 		36.6197 		59.5529
v 16.998 		36.2547 		59.6769
v 16.998 		35.3987 		59.1049
v 16.998 		34.4747 		58.6489
v 16.998 		33.4987 		58.3179
v 16.998 		36.0587 		58.7659
v 37.003 		27.5237 		59.1049
# 256 vertices

g group_7_40919

usemtl color_40919
s 0

f 3540 	3541 	3567
f 3521 	3567 	3541
f 3776 	3651 	3528
f 3530 	3550 	3527
f 3527 	3551 	3525
f 3522 	3521 	3541
f 3541 	3542 	3522
f 3535 	3773 	3553
f 3539 	3647 	3537
f 3543 	3539 	3547
f 3543 	3547 	3549
f 3524 	3522 	3542
f 3542 	3544 	3524
f 3526 	3524 	3544
f 3544 	3545 	3526
f 3545 	3546 	3526
f 3531 	3526 	3546
f 3531 	3546 	3548
f 3552 	3525 	3551
f 3551 	3527 	3550
f 3534 	3550 	3530
f 3556 	3562 	3555
f 3536 	3554 	3574
f 3560 	3574 	3554
f 3555 	3559 	3554
f 3634 	3627 	3543
f 3561 	3543 	3549
f 3561 	3549 	3563
f 3562 	3556 	3564
f 3566 	3746 	3558
f 3628 	3584 	3533
f 3565 	3564 	3532
f 3532 	3540 	3565
f 3567 	3565 	3540
f 3605 	3566 	3568
f 3558 	3568 	3566
f 3704 	3553 	3573
f 3570 	3582 	3590
f 3572 	3529 	3569
f 3533 	3529 	3572
f 3529 	3528 	3569
f 3553 	3774 	3573
f 3559 	3555 	3562
f 3560 	3554 	3559
f 3574 	3571 	3536
f 3590 	3576 	3570
f 3556 	3557 	3564
f 3532 	3564 	3557
f 3575 	3561 	3563
f 3575 	3563 	3577
f 3587 	3588 	3594
f 3582 	3580 	3590
f 3589 	3590 	3580
f 3571 	3570 	3538
f 3538 	3536 	3571
f 3576 	3538 	3570
f 3588 	3589 	3580
f 3580 	3579 	3588
f 3579 	3594 	3588
f 3573 	3774 	3585
f 3575 	3764 	3561
f 3592 	3591 	3596
f 3595 	3596 	3591
f 3586 	3587 	3593
f 3593 	3592 	3586
f 3594 	3593 	3587
f 3597 	3586 	3592
f 3596 	3597 	3592
f 3531 	3548 	3600
f 3548 	3614 	3600
f 3623 	3620 	3753
f 3601 	3600 	3614
f 3604 	3601 	3614
f 3614 	3619 	3604
f 3608 	3611 	3760
f 3607 	3606 	3620
f 3619 	3620 	3606
f 3606 	3604 	3619
f 3611 	3618 	3760
f 3623 	3624 	3607
f 3620 	3623 	3607
f 3566 	3621 	3622
f 3612 	3609 	3624
f 3609 	3607 	3624
f 3625 	3612 	3624
f 3631 	3612 	3625
f 3638 	3615 	3631
f 3615 	3612 	3631
f 3633 	3640 	3632
f 3636 	3637 	3628
f 3637 	3598 	3628
f 3584 	3628 	3598
f 3628 	3630 	3636
f 3635 	3636 	3523
f 3630 	3523 	3636
f 3552 	3635 	3523
f 3523 	3525 	3552
f 3638 	3632 	3640
f 3631 	3632 	3638
f 3640 	3633 	3642
f 3578 	3617 	3750
f 3583 	3617 	3578
f 3639 	3750 	3617
f 3584 	3598 	3583
f 3603 	3583 	3598
f 3617 	3583 	3603
f 3622 	3621 	3626
f 3622 	3626 	3644
f 3757 	3758 	3682
f 3566 	3605 	3621
f 3633 	3581 	3642
f 3769 	3585 	3647
f 3581 	3618 	3642
f 3629 	3769 	3647
f 3645 	3643 	3611
f 3618 	3611 	3643
f 3643 	3642 	3618
f 3626 	3621 	3664
f 3605 	3664 	3621
f 3549 	3547 	3608
f 3547 	3645 	3608
f 3611 	3608 	3645
f 3654 	3644 	3652
f 3626 	3652 	3644
f 3629 	3539 	3627
f 3647 	3539 	3629
f 3543 	3627 	3539
f 3543 	3561 	3634
f 3585 	3537 	3647
f 3641 	3634 	3561
f 3654 	3652 	3656
f 3654 	3656 	3657
f 3626 	3674 	3652
f 3602 	3599 	3563
f 3563 	3549 	3602
f 3577 	3563 	3599
f 3608 	3602 	3549
f 3651 	3776 	3649
f 3569 	3528 	3651
f 3657 	3656 	3660
f 3657 	3660 	3661
f 3692 	3671 	3662
f 3663 	3662 	3671
f 3674 	3626 	3664
f 3674 	3685 	3652
f 3671 	3672 	3663
f 3650 	3522 	3653
f 3661 	3660 	3669
f 3661 	3669 	3670
f 3673 	3595 	3667
f 3591 	3667 	3595
f 3672 	3673 	3665
f 3667 	3666 	3673
f 3666 	3665 	3673
f 3665 	3663 	3672
f 3685 	3704 	3656
f 3656 	3652 	3685
f 3670 	3669 	3681
f 3670 	3681 	3682
f 3680 	3678 	3702
f 3660 	3656 	3755
f 3704 	3755 	3656
f 3682 	3681 	3693
f 3682 	3693 	3694
f 3692 	3662 	3691
f 3662 	3687 	3691
f 3687 	3684 	3691
f 3690 	3691 	3684
f 3702 	3690 	3684
f 3678 	3677 	3700
f 3701 	3678 	3700
f 3684 	3680 	3702
f 3702 	3678 	3701
f 3677 	3577 	3700
f 3699 	3700 	3577
f 3599 	3699 	3577
f 3703 	3712 	3697
f 3650 	3686 	3648
f 3653 	3683 	3650
f 3655 	3679 	3653
f 3558 	3759 	3568
f 3736 	3668 	3658
f 3759 	3605 	3568
f 3703 	3680 	3707
f 3592 	3730 	3591
f 3679 	3655 	3676
f 3675 	3676 	3655
f 3683 	3653 	3679
f 3686 	3650 	3683
f 3688 	3716 	3686
f 3655 	3658 	3675
f 3675 	3658 	3668
f 3737 	3744 	3736
f 3740 	3747 	3739
f 3623 	3753 	3752
f 3708 	3696 	3709
f 3719 	3710 	3696
f 3695 	3719 	3696
f 3698 	3718 	3695
f 3712 	3767 	3697
f 3707 	3715 	3703
f 3712 	3703 	3715
f 3688 	3659 	3714
f 3716 	3688 	3714
f 3713 	3714 	3659
f 3648 	3686 	3716
f 3718 	3698 	3717
f 3698 	3720 	3717
f 3659 	3688 	3532
f 3719 	3695 	3718
f 3710 	3709 	3696
f 3709 	3711 	3708
f 3705 	3706 	3713
f 3659 	3705 	3713
f 3711 	3713 	3706
f 3706 	3708 	3711
f 3724 	3725 	3722
f 3723 	3728 	3722
f 3706 	3705 	3556
f 3729 	3591 	3730
f 3706 	3556 	3708
f 3592 	3593 	3730
f 3726 	3732 	3725
f 3721 	3722 	3725
f 3723 	3717 	3728
f 3728 	3717 	3720
f 3724 	3722 	3728
f 3662 	3523 	3630
f 3560 	3559 	3710
f 3709 	3710 	3559
f 3730 	3734 	3729
f 3596 	3595 	3735
f 3559 	3711 	3709
f 3726 	3727 	3731
f 3729 	3735 	3534
f 3595 	3673 	3735
f 3732 	3726 	3731
f 3689 	3575 	3677
f 3637 	3690 	3598
f 3721 	3725 	3732
f 3730 	3731 	3727
f 3734 	3730 	3733
f 3735 	3729 	3734
f 3727 	3733 	3730
f 3550 	3534 	3735
f 3689 	3677 	3678
f 3689 	3678 	3697
f 3714 	3565 	3716
f 3680 	3703 	3678
f 3697 	3678 	3703
f 3684 	3707 	3680
f 3567 	3521 	3716
f 3738 	3744 	3737
f 3739 	3748 	3738
f 3571 	3718 	3570
f 3741 	3752 	3740
f 3751 	3752 	3743
f 3668 	3736 	3744
f 3746 	3616 	3743
f 3744 	3738 	3748
f 3612 	3615 	3742
f 3745 	3742 	3615
f 3560 	3710 	3719
f 3669 	3660 	3769
f 3755 	3769 	3660
f 3532 	3557 	3659
f 3694 	3693 	3749
f 3694 	3749 	3750
f 3577 	3677 	3575
f 3748 	3739 	3747
f 3622 	3616 	3746
f 3751 	3743 	3616
f 3741 	3743 	3752
f 3752 	3753 	3740
f 3747 	3740 	3753
f 3650 	3648 	3522
f 3732 	3594 	3721
f 3616 	3622 	3613
f 3610 	3613 	3644
f 3644 	3654 	3610
f 3579 	3580 	3721
f 3770 	3664 	3605
f 3705 	3659 	3557
f 3582 	3717 	3723
f 3681 	3669 	3762
f 3763 	3762 	3669
f 3769 	3763 	3669
f 3657 	3761 	3654
f 3700 	3639 	3617
f 3699 	3639 	3700
f 3728 	3589 	3724
f 3644 	3613 	3622
f 3724 	3589 	3725
f 3588 	3725 	3589
f 3588 	3587 	3726
f 3588 	3726 	3725
f 3658 	3531 	3736
f 3694 	3750 	3756
f 3661 	3760 	3657
f 3727 	3726 	3586
f 3587 	3586 	3726
f 3586 	3597 	3727
f 3639 	3756 	3750
f 3534 	3667 	3729
f 3610 	3654 	3754
f 3742 	3745 	3759
f 3756 	3757 	3694
f 3676 	3545 	3679
f 3593 	3731 	3730
f 3732 	3731 	3594
f 3593 	3594 	3731
f 3544 	3542 	3679
f 3761 	3657 	3760
f 3754 	3654 	3761
f 3758 	3760 	3661
f 3682 	3694 	3757
f 3670 	3682 	3758
f 3661 	3670 	3758
f 3683 	3542 	3686
f 3579 	3721 	3594
f 3688 	3686 	3540
f 3541 	3540 	3686
f 3733 	3727 	3597
f 3733 	3597 	3734
f 3596 	3734 	3597
f 3596 	3735 	3734
f 3536 	3695 	3554
f 3696 	3554 	3695
f 3766 	3764 	3575
f 3641 	3561 	3764
f 3575 	3689 	3766
f 3767 	3766 	3689
f 3689 	3697 	3767
f 3536 	3538 	3698
f 3536 	3698 	3695
f 3599 	3756 	3639
f 3576 	3720 	3538
f 3766 	3649 	3764
f 3646 	3764 	3649
f 3601 	3737 	3736
f 3766 	3651 	3649
f 3557 	3556 	3705
f 3762 	3765 	3681
f 3765 	3768 	3693
f 3768 	3646 	3693
f 3749 	3693 	3646
f 3693 	3681 	3765
f 3556 	3555 	3708
f 3759 	3745 	3770
f 3745 	3771 	3770
f 3527 	3663 	3665
f 3666 	3527 	3665
f 3696 	3708 	3554
f 3555 	3554 	3708
f 3771 	3745 	3638
f 3615 	3638 	3745
f 3530 	3666 	3534
f 3743 	3558 	3746
f 3729 	3667 	3591
f 3711 	3559 	3562
f 3618 	3761 	3760
f 3772 	3771 	3638
f 3772 	3638 	3640
f 3673 	3550 	3735
f 3668 	3744 	3614
f 3562 	3564 	3711
f 3713 	3711 	3564
f 3618 	3581 	3761
f 3754 	3761 	3581
f 3565 	3714 	3564
f 3713 	3564 	3714
f 3566 	3622 	3746
f 3772 	3775 	3771
f 3625 	3751 	3616
f 3567 	3716 	3565
f 3692 	3635 	3671
f 3773 	3772 	3642
f 3640 	3642 	3772
f 3581 	3610 	3754
f 3752 	3751 	3625
f 3773 	3535 	3772
f 3684 	3628 	3707
f 3774 	3773 	3642
f 3774 	3642 	3643
f 3749 	3578 	3750
f 3533 	3707 	3628
f 3774 	3553 	3773
f 3717 	3582 	3570
f 3747 	3753 	3620
f 3583 	3578 	3528
f 3537 	3774 	3643
f 3537 	3643 	3645
f 3620 	3619 	3747
f 3528 	3529 	3583
f 3584 	3583 	3529
f 3717 	3570 	3718
f 3553 	3685 	3674
f 3614 	3744 	3748
f 3529 	3533 	3584
f 3574 	3719 	3571
f 3718 	3571 	3719
f 3715 	3572 	3569
f 3715 	3569 	3712
f 3770 	3771 	3775
f 3535 	3775 	3772
f 3537 	3585 	3774
f 3553 	3704 	3685
f 3719 	3574 	3560
f 3539 	3537 	3645
f 3539 	3645 	3547
f 3533 	3572 	3715
f 3533 	3715 	3707
f 3535 	3674 	3775
f 3687 	3630 	3684
f 3628 	3684 	3630
f 3755 	3704 	3585
f 3573 	3585 	3704
f 3604 	3738 	3601
f 3737 	3601 	3738
f 3674 	3535 	3553
f 3698 	3538 	3720
f 3576 	3590 	3720
f 3738 	3604 	3739
f 3606 	3739 	3604
f 3662 	3630 	3687
f 3606 	3740 	3739
f 3722 	3721 	3580
f 3635 	3692 	3636
f 3691 	3636 	3692
f 3663 	3525 	3662
f 3523 	3662 	3525
f 3723 	3722 	3580
f 3723 	3580 	3582
f 3599 	3602 	3756
f 3757 	3756 	3602
f 3527 	3525 	3663
f 3637 	3636 	3690
f 3691 	3690 	3636
f 3530 	3527 	3666
f 3757 	3602 	3758
f 3608 	3758 	3602
f 3667 	3534 	3666
f 3702 	3598 	3690
f 3758 	3608 	3760
f 3728 	3720 	3590
f 3551 	3550 	3672
f 3673 	3672 	3550
f 3551 	3672 	3552
f 3671 	3552 	3672
f 3603 	3702 	3701
f 3590 	3589 	3728
f 3762 	3763 	3627
f 3629 	3627 	3763
f 3671 	3635 	3552
f 3702 	3603 	3598
f 3578 	3749 	3776
f 3646 	3649 	3749
f 3634 	3765 	3627
f 3762 	3627 	3765
f 3578 	3776 	3528
f 3701 	3700 	3603
f 3776 	3749 	3649
f 3765 	3634 	3641
f 3765 	3641 	3768
f 3617 	3603 	3700
f 3646 	3768 	3764
f 3641 	3764 	3768
f 3755 	3585 	3769
f 3629 	3763 	3769
f 3699 	3599 	3639
f 3600 	3601 	3736
f 3606 	3607 	3740
f 3767 	3651 	3766
f 3609 	3741 	3607
f 3740 	3607 	3741
f 3569 	3651 	3767
f 3767 	3712 	3569
f 3748 	3747 	3619
f 3648 	3716 	3521
f 3648 	3521 	3522
f 3619 	3614 	3748
f 3522 	3524 	3653
f 3655 	3653 	3526
f 3524 	3526 	3653
f 3531 	3658 	3526
f 3655 	3526 	3658
f 3743 	3741 	3612
f 3609 	3612 	3741
f 3612 	3742 	3743
f 3558 	3743 	3742
f 3600 	3736 	3531
f 3742 	3759 	3558
f 3668 	3614 	3548
f 3675 	3668 	3546
f 3548 	3546 	3668
f 3676 	3675 	3545
f 3546 	3545 	3675
f 3752 	3625 	3624
f 3544 	3679 	3545
f 3683 	3679 	3542
f 3752 	3624 	3623
f 3541 	3686 	3542
f 3605 	3759 	3770
f 3532 	3688 	3540
f 3610 	3581 	3633
f 3633 	3632 	3610
f 3613 	3610 	3632
f 3613 	3632 	3616
f 3631 	3616 	3632
f 3616 	3631 	3625
f 3770 	3775 	3664
f 3775 	3674 	3664
# 512 faces

 #end of obj_7

o obj_8
v 43 		30.1947 		68.2749
v 43 		29.9607 		68.1594
v 43 		32.8107 		67.1909
v 43 		32.6952 		67.4249
v 36 		32.9637 		66.4249
v 36 		32.9457 		66.6859
v 36 		32.8947 		66.9429
v 43 		31.9607 		75.4249
v 43 		40.9607 		67.4249
v 36 		29.2262 		67.4249
v 36 		29.1107 		67.1909
v 43 		30.6997 		68.4099
v 43 		30.9607 		68.4279
v 36 		31.9607 		75.4249
v 36 		31.2217 		64.4399
v 36 		30.9607 		64.4229
v 43 		32.9637 		66.4249
v 43 		30.4427 		68.3589
v 36 		30.1947 		68.2749
v 43 		40.9607 		65.4249
v 36 		31.4787 		64.4909
v 36 		29.9607 		68.1594
v 36 		32.8107 		67.1909
v 36 		31.7267 		64.5749
v 36 		30.6997 		68.4099
v 36 		30.9607 		68.4279
v 36 		31.9607 		64.6904
v 43 		31.7267 		68.2749
v 43 		31.9607 		68.1594
v 36 		32.6952 		67.4249
v 43 		31.4787 		68.3589
v 36 		30.4427 		68.3589
v 36 		40.9607 		65.4249
v 43 		31.2217 		68.4099
v 36 		40.9607 		67.4249
v 36 		31.7267 		68.2749
v 36 		31.9607 		68.1594
v 36 		28.9587 		66.4249
v 36 		22.9607 		65.4249
v 36 		22.9607 		67.4249
v 43 		29.9607 		75.4249
v 43 		22.9607 		67.4249
v 43 		22.9607 		65.4249
v 43 		30.1947 		64.5749
v 43 		29.9607 		64.6904
v 36 		29.9607 		75.4249
v 36 		31.4787 		68.3589
v 36 		31.2217 		68.4099
v 43 		30.4427 		64.4909
v 43 		30.6997 		64.4399
v 43 		29.2262 		65.4249
v 43 		30.9607 		64.4229
v 43 		28.9587 		66.4249
v 43 		29.2262 		67.4249
v 43 		31.2217 		64.4399
v 43 		31.4787 		64.4909
v 43 		31.7267 		64.5749
v 43 		31.9607 		64.6904
v 43 		29.9607 		57.4249
v 36 		29.9607 		57.4249
v 36 		31.9607 		57.4249
v 43 		31.9607 		57.4249
v 43 		32.6952 		65.4249
v 36 		29.9607 		64.6904
v 43 		29.0267 		66.9429
v 43 		28.9757 		66.6859
v 43 		28.9757 		66.1639
v 43 		29.0267 		65.9069
v 43 		29.1107 		65.6589
v 36 		29.0267 		66.9429
v 43 		32.8107 		65.6589
v 43 		32.8947 		65.9069
v 43 		32.9457 		66.1639
v 43 		32.9457 		66.6859
v 43 		32.8947 		66.9429
v 43 		29.1107 		67.1909
v 36 		29.2262 		65.4249
v 36 		30.1947 		64.5749
v 36 		28.9757 		66.6859
v 36 		32.6952 		65.4249
v 36 		30.4427 		64.4909
v 36 		28.9757 		66.1639
v 36 		30.6997 		64.4399
v 36 		29.0267 		65.9069
v 36 		29.1107 		65.6589
v 36 		32.8107 		65.6589
v 36 		32.8947 		65.9069
v 36 		32.9457 		66.1639
# 88 vertices

g group_8_16448250

usemtl color_16448250
s 0

f 3780 	3779 	3785
f 3779 	3851 	3785
f 3785 	3850 	3793
f 3849 	3796 	3793
f 3785 	3793 	3796
f 3786 	3787 	3816
f 3784 	3817 	3789
f 3788 	3817 	3794
f 3794 	3817 	3777
f 3805 	3784 	3804
f 3782 	3811 	3781
f 3783 	3811 	3782
f 3783 	3799 	3811
f 3811 	3799 	3806
f 3809 	3781 	3811
f 3807 	3804 	3784
f 3810 	3807 	3784
f 3855 	3814 	3816
f 3796 	3809 	3811
f 3796 	3811 	3785
f 3778 	3777 	3817
f 3789 	3810 	3784
f 3788 	3789 	3817
f 3818 	3816 	3815
f 3818 	3815 	3819
f 3784 	3790 	3822
f 3784 	3822 	3817
f 3835 	3820 	3821
f 3820 	3835 	3825
f 3838 	3828 	3835
f 3825 	3835 	3826
f 3843 	3844 	3860
f 3828 	3838 	3831
f 3794 	3808 	3801
f 3806 	3780 	3785
f 3811 	3806 	3785
f 3830 	3786 	3818
f 3794 	3777 	3808
f 3835 	3836 	3837
f 3835 	3837 	3838
f 3832 	3838 	3833
f 3834 	3833 	3838
f 3838 	3832 	3831
f 3826 	3835 	3828
f 3778 	3817 	3798
f 3822 	3798 	3817
f 3860 	3844 	3845
f 3798 	3822 	3795
f 3841 	3818 	3842
f 3829 	3842 	3818
f 3839 	3856 	3796
f 3821 	3840 	3836
f 3808 	3822 	3801
f 3847 	3862 	3839
f 3821 	3836 	3835
f 3818 	3819 	3829
f 3795 	3822 	3808
f 3843 	3829 	3819
f 3848 	3862 	3847
f 3823 	3790 	3812
f 3844 	3843 	3819
f 3824 	3790 	3823
f 3845 	3844 	3819
f 3823 	3810 	3824
f 3827 	3845 	3819
f 3792 	3828 	3791
f 3810 	3802 	3824
f 3832 	3800 	3797
f 3839 	3796 	3847
f 3795 	3777 	3798
f 3840 	3821 	3820
f 3849 	3848 	3796
f 3848 	3847 	3796
f 3851 	3850 	3785
f 3825 	3857 	3820
f 3801 	3788 	3794
f 3830 	3852 	3786
f 3826 	3859 	3857
f 3826 	3857 	3825
f 3826 	3828 	3859
f 3792 	3859 	3828
f 3831 	3791 	3828
f 3818 	3841 	3852
f 3830 	3818 	3852
f 3805 	3813 	3784
f 3813 	3805 	3812
f 3780 	3806 	3779
f 3790 	3784 	3813
f 3797 	3791 	3832
f 3832 	3791 	3831
f 3804 	3807 	3812
f 3833 	3800 	3832
f 3823 	3807 	3810
f 3803 	3800 	3833
f 3803 	3833 	3834
f 3841 	3842 	3855
f 3795 	3808 	3777
f 3838 	3803 	3834
f 3777 	3778 	3798
f 3855 	3842 	3829
f 3801 	3802 	3788
f 3788 	3802 	3789
f 3838 	3837 	3803
f 3820 	3854 	3840
f 3804 	3812 	3805
f 3857 	3854 	3820
f 3823 	3812 	3807
f 3810 	3789 	3802
f 3829 	3843 	3814
f 3827 	3819 	3815
f 3816 	3818 	3786
f 3853 	3827 	3815
f 3782 	3793 	3850
f 3809 	3796 	3856
f 3782 	3850 	3851
f 3849 	3864 	3863
f 3848 	3849 	3863
f 3864 	3849 	3793
f 3864 	3793 	3781
f 3802 	3790 	3824
f 3813 	3812 	3790
f 3781 	3793 	3782
f 3801 	3822 	3802
f 3790 	3802 	3822
f 3782 	3851 	3783
f 3840 	3854 	3836
f 3836 	3854 	3857
f 3799 	3783 	3779
f 3852 	3787 	3786
f 3841 	3846 	3852
f 3837 	3836 	3792
f 3851 	3779 	3783
f 3799 	3779 	3806
f 3787 	3852 	3846
f 3846 	3841 	3855
f 3800 	3837 	3797
f 3829 	3814 	3855
f 3837 	3800 	3803
f 3858 	3814 	3843
f 3858 	3843 	3860
f 3859 	3792 	3836
f 3792 	3791 	3837
f 3797 	3837 	3791
f 3857 	3859 	3836
f 3845 	3861 	3860
f 3827 	3853 	3845
f 3861 	3845 	3853
f 3855 	3816 	3846
f 3787 	3846 	3816
f 3839 	3862 	3856
f 3815 	3816 	3814
f 3848 	3863 	3862
f 3860 	3815 	3858
f 3814 	3858 	3815
f 3861 	3815 	3860
f 3853 	3815 	3861
f 3863 	3809 	3862
f 3864 	3809 	3863
f 3856 	3862 	3809
f 3781 	3809 	3864
# 160 faces

 #end of obj_8

